Timestamp,UTC,Callsign,Position,Altitude,Speed,Direction
1761501254,2025-10-26T17:54:14Z,TKJ6BU,"36.299332,36.305351",5800,223,18
1761501261,2025-10-26T17:54:21Z,TKJ6BU,"36.306198,36.306553",6150,219,1
1761501263,2025-10-26T17:54:23Z,TKJ6BU,"36.308624,36.306438",6275,217,356
1761501266,2025-10-26T17:54:26Z,TKJ6BU,"36.310978,36.306015",6375,216,352
1761501268,2025-10-26T17:54:28Z,TKJ6BU,"36.31311,36.305466",6475,215,347
1761501270,2025-10-26T17:54:30Z,TKJ6BU,"36.315121,36.304672",6575,214,343
1761501272,2025-10-26T17:54:32Z,TKJ6BU,"36.316956,36.303749",6650,215,337
1761501274,2025-10-26T17:54:34Z,TKJ6BU,"36.318878,36.302605",6750,214,333
1761501276,2025-10-26T17:54:36Z,TKJ6BU,"36.320618,36.301403",6825,215,329
1761501279,2025-10-26T17:54:39Z,TKJ6BU,"36.322769,36.299915",6925,215,329
1761501281,2025-10-26T17:54:41Z,TKJ6BU,"36.324142,36.299175",7000,218,329
1761501283,2025-10-26T17:54:43Z,TKJ6BU,"36.326294,36.297543",7075,218,329
1761501285,2025-10-26T17:54:45Z,TKJ6BU,"36.328014,36.296219",7150,220,329
1761501287,2025-10-26T17:54:47Z,TKJ6BU,"36.329868,36.294891",7200,220,329
1761501290,2025-10-26T17:54:50Z,TKJ6BU,"36.331688,36.293552",7300,222,329
1761501292,2025-10-26T17:54:52Z,TKJ6BU,"36.334404,36.291687",7400,222,329
1761501294,2025-10-26T17:54:54Z,TKJ6BU,"36.335388,36.290844",7500,222,329
1761501296,2025-10-26T17:54:56Z,TKJ6BU,"36.336956,36.28968",7575,222,329
1761501298,2025-10-26T17:54:58Z,TKJ6BU,"36.339039,36.288216",7700,222,329
1761501301,2025-10-26T17:55:01Z,TKJ6BU,"36.341,36.28709",7775,224,329
1761501324,2025-10-26T17:55:24Z,TKJ6BU,"36.367752,36.290634",8675,234,6
1761501327,2025-10-26T17:55:27Z,TKJ6BU,"36.368935,36.290924",8775,236,9
1761501329,2025-10-26T17:55:29Z,TKJ6BU,"36.371674,36.291725",8850,236,13
1761501342,2025-10-26T17:55:42Z,TKJ6BU,"36.385426,36.295681",9150,248,12
1761501353,2025-10-26T17:55:53Z,TKJ6BU,"36.399113,36.299603",9375,258,13
1761501356,2025-10-26T17:55:56Z,TKJ6BU,"36.401367,36.300243",9425,258,13
1761501369,2025-10-26T17:56:09Z,TKJ6BU,"36.417263,36.304802",9650,278,13
1761501382,2025-10-26T17:56:22Z,TKJ6BU,"36.434582,36.310066",10025,286,13
1761501395,2025-10-26T17:56:35Z,TKJ6BU,"36.451759,36.315411",10350,294,14
1761501409,2025-10-26T17:56:49Z,TKJ6BU,"36.470707,36.32127",10575,312,13
1761501423,2025-10-26T17:57:03Z,TKJ6BU,"36.490143,36.326759",10775,326,11
1761501425,2025-10-26T17:57:05Z,TKJ6BU,"36.494087,36.327061",10800,328,1
1761501427,2025-10-26T17:57:07Z,TKJ6BU,"36.496536,36.327175",10850,328,3
1761501429,2025-10-26T17:57:09Z,TKJ6BU,"36.499516,36.327183",10875,328,2
1761501431,2025-10-26T17:57:11Z,TKJ6BU,"36.503307,36.326923",10925,330,358
1761501433,2025-10-26T17:57:13Z,TKJ6BU,"36.505951,36.32655",10975,330,355
1761501436,2025-10-26T17:57:16Z,TKJ6BU,"36.509861,36.325783",11050,330,352
1761501438,2025-10-26T17:57:18Z,TKJ6BU,"36.51326,36.325016",11125,330,350
1761501440,2025-10-26T17:57:20Z,TKJ6BU,"36.516689,36.3242",11200,331,349
1761501442,2025-10-26T17:57:22Z,TKJ6BU,"36.520027,36.323368",11275,332,349
1761501444,2025-10-26T17:57:24Z,TKJ6BU,"36.523037,36.322689",11350,333,348
1761501447,2025-10-26T17:57:27Z,TKJ6BU,"36.52647,36.321922",11425,334,348
1761501449,2025-10-26T17:57:29Z,TKJ6BU,"36.529934,36.321018",11475,335,348
1761501451,2025-10-26T17:57:31Z,TKJ6BU,"36.533428,36.32016",11550,336,348
1761501453,2025-10-26T17:57:33Z,TKJ6BU,"36.536293,36.319447",11625,338,349
1761501455,2025-10-26T17:57:35Z,TKJ6BU,"36.539616,36.318657",11675,339,349
1761501457,2025-10-26T17:57:37Z,TKJ6BU,"36.543037,36.317879",11725,340,349
1761501459,2025-10-26T17:57:39Z,TKJ6BU,"36.546844,36.316921",11800,342,349
1761501462,2025-10-26T17:57:42Z,TKJ6BU,"36.549339,36.316296",11850,343,349
1761501475,2025-10-26T17:57:55Z,TKJ6BU,"36.571217,36.311356",12275,348,349
1761501508,2025-10-26T17:58:28Z,TKJ6BU,"36.622799,36.299946",13775,348,349
1761501539,2025-10-26T17:58:59Z,TKJ6BU,"36.67263,36.289413",15150,352,349
1761501542,2025-10-26T17:59:02Z,TKJ6BU,"36.675919,36.288727",15275,352,349
1761501544,2025-10-26T17:59:04Z,TKJ6BU,"36.680225,36.287701",15400,352,352
1761501546,2025-10-26T17:59:06Z,TKJ6BU,"36.685242,36.28656",15500,352,351
1761501548,2025-10-26T17:59:08Z,TKJ6BU,"36.687313,36.286221",15600,350,352
1761501550,2025-10-26T17:59:10Z,TKJ6BU,"36.690842,36.285416",15700,352,350
1761501553,2025-10-26T17:59:13Z,TKJ6BU,"36.69479,36.28463",15775,352,350
1761501555,2025-10-26T17:59:15Z,TKJ6BU,"36.698643,36.283867",15850,354,350
1761501557,2025-10-26T17:59:17Z,TKJ6BU,"36.70187,36.283249",15925,354,351
1761501559,2025-10-26T17:59:19Z,TKJ6BU,"36.70483,36.2827",16000,354,347
1761501561,2025-10-26T17:59:21Z,TKJ6BU,"36.708771,36.281937",16100,354,350
1761501564,2025-10-26T17:59:24Z,TKJ6BU,"36.714008,36.280941",16200,354,350
1761501566,2025-10-26T17:59:26Z,TKJ6BU,"36.716446,36.280537",16275,356,352
1761501568,2025-10-26T17:59:28Z,TKJ6BU,"36.719715,36.279751",16375,356,349
1761501570,2025-10-26T17:59:30Z,TKJ6BU,"36.723225,36.279102",16450,356,350
1761501572,2025-10-26T17:59:32Z,TKJ6BU,"36.726536,36.278557",16550,354,351
1761501574,2025-10-26T17:59:34Z,TKJ6BU,"36.73011,36.277802",16650,354,350
1761501577,2025-10-26T17:59:37Z,TKJ6BU,"36.733398,36.276955",16725,354,349
1761501579,2025-10-26T17:59:39Z,TKJ6BU,"36.736786,36.276016",16850,352,348
1761501582,2025-10-26T17:59:42Z,TKJ6BU,"36.741123,36.274567",16950,352,346
1761501584,2025-10-26T17:59:44Z,TKJ6BU,"36.744736,36.273212",17050,350,344
1761501586,2025-10-26T17:59:46Z,TKJ6BU,"36.748383,36.271751",17125,350,343
1761501588,2025-10-26T17:59:48Z,TKJ6BU,"36.75185,36.270309",17225,350,342
1761501591,2025-10-26T17:59:51Z,TKJ6BU,"36.755768,36.268658",17325,350,341
1761501593,2025-10-26T17:59:53Z,TKJ6BU,"36.758987,36.267078",17400,350,339
1761501595,2025-10-26T17:59:55Z,TKJ6BU,"36.762115,36.265572",17450,350,339
1761501597,2025-10-26T17:59:57Z,TKJ6BU,"36.765274,36.263931",17550,350,337
1761501599,2025-10-26T17:59:59Z,TKJ6BU,"36.768833,36.261898",17625,350,336
1761501602,2025-10-26T18:00:02Z,TKJ6BU,"36.771824,36.260132",17700,350,335
1761501604,2025-10-26T18:00:04Z,TKJ6BU,"36.775253,36.257919",17775,350,333
1761501606,2025-10-26T18:00:06Z,TKJ6BU,"36.778233,36.255924",17850,348,332
1761501608,2025-10-26T18:00:08Z,TKJ6BU,"36.781303,36.253799",17925,348,331
1761501610,2025-10-26T18:00:10Z,TKJ6BU,"36.784832,36.251259",18000,350,330
1761501613,2025-10-26T18:00:13Z,TKJ6BU,"36.787392,36.249256",18100,350,329
1761501615,2025-10-26T18:00:15Z,TKJ6BU,"36.790771,36.246868",18150,350,329
1761501617,2025-10-26T18:00:17Z,TKJ6BU,"36.793526,36.244827",18225,352,329
1761501620,2025-10-26T18:00:20Z,TKJ6BU,"36.796848,36.242386",18300,352,329
1761501622,2025-10-26T18:00:22Z,TKJ6BU,"36.800159,36.239975",18400,352,329
1761501624,2025-10-26T18:00:24Z,TKJ6BU,"36.803696,36.237381",18475,352,329
1761501655,2025-10-26T18:00:55Z,TKJ6BU,"36.847095,36.205471",19550,356,329
1761501686,2025-10-26T18:01:26Z,TKJ6BU,"36.891483,36.172752",20525,362,329
1761501717,2025-10-26T18:01:57Z,TKJ6BU,"36.936344,36.140182",21475,369,330
1761501750,2025-10-26T18:02:30Z,TKJ6BU,"36.985035,36.106369",22675,369,330
1761501780,2025-10-26T18:03:00Z,TKJ6BU,"37.031338,36.073181",23725,372,329
1761501811,2025-10-26T18:03:31Z,TKJ6BU,"37.076366,36.039848",24675,379,329
1761501844,2025-10-26T18:04:04Z,TKJ6BU,"37.126591,36.001202",25600,384,324
1761501874,2025-10-26T18:04:34Z,TKJ6BU,"37.171181,35.961773",26400,390,324
1761501905,2025-10-26T18:05:05Z,TKJ6BU,"37.216991,35.920795",27175,397,324
1761501936,2025-10-26T18:05:36Z,TKJ6BU,"37.263409,35.879791",27925,402,324
1761501969,2025-10-26T18:06:09Z,TKJ6BU,"37.313316,35.835461",28725,407,324
1761502001,2025-10-26T18:06:41Z,TKJ6BU,"37.362526,35.791695",29475,410,324
1761502033,2025-10-26T18:07:13Z,TKJ6BU,"37.41243,35.747353",30250,412,324
1761502065,2025-10-26T18:07:45Z,TKJ6BU,"37.462227,35.702583",30950,414,324
1761502095,2025-10-26T18:08:15Z,TKJ6BU,"37.509491,35.659958",31650,416,324
1761502128,2025-10-26T18:08:48Z,TKJ6BU,"37.560169,35.614494",32400,417,324
1761502158,2025-10-26T18:09:18Z,TKJ6BU,"37.608177,35.570961",33125,414,324
1761502190,2025-10-26T18:09:50Z,TKJ6BU,"37.65868,35.525799",33625,414,324
1761502221,2025-10-26T18:10:21Z,TKJ6BU,"37.705807,35.483345",34000,412,324
1761502253,2025-10-26T18:10:53Z,TKJ6BU,"37.756233,35.438309",34000,411,324
1761502285,2025-10-26T18:11:25Z,TKJ6BU,"37.805527,35.39399",34000,411,324
1761502317,2025-10-26T18:11:57Z,TKJ6BU,"37.854942,35.348949",34000,412,324
1761502349,2025-10-26T18:12:29Z,TKJ6BU,"37.904671,35.30357",34000,414,324
1761502382,2025-10-26T18:13:02Z,TKJ6BU,"37.955589,35.257545",34000,416,323
1761502412,2025-10-26T18:13:32Z,TKJ6BU,"38.0023,35.214687",34425,412,324
1761502444,2025-10-26T18:14:04Z,TKJ6BU,"38.051853,35.169537",35100,403,324
1761502476,2025-10-26T18:14:36Z,TKJ6BU,"38.100113,35.125771",35575,401,324
1761502508,2025-10-26T18:15:08Z,TKJ6BU,"38.147892,35.081894",36000,400,324
1761502540,2025-10-26T18:15:40Z,TKJ6BU,"38.196507,35.03767",36000,400,323
1761502571,2025-10-26T18:16:11Z,TKJ6BU,"38.242638,34.995647",36000,400,323
1761502604,2025-10-26T18:16:44Z,TKJ6BU,"38.291111,34.950588",36000,400,324
1761502635,2025-10-26T18:17:15Z,TKJ6BU,"38.339016,34.906666",36000,401,324
1761502667,2025-10-26T18:17:47Z,TKJ6BU,"38.385891,34.863598",36000,390,324
1761502699,2025-10-26T18:18:19Z,TKJ6BU,"38.433136,34.819889",36000,390,323
1761502732,2025-10-26T18:18:52Z,TKJ6BU,"38.480045,34.776188",36000,388,323
1761502763,2025-10-26T18:19:23Z,TKJ6BU,"38.524773,34.734661",36000,388,323
1761502795,2025-10-26T18:19:55Z,TKJ6BU,"38.571426,34.691463",36000,386,323
1761502814,2025-10-26T18:20:14Z,TKJ6BU,"38.598145,34.662601",36000,380,313
1761502816,2025-10-26T18:20:16Z,TKJ6BU,"38.600605,34.659332",36000,380,312
1761502818,2025-10-26T18:20:18Z,TKJ6BU,"38.60276,34.656197",36000,379,311
1761502820,2025-10-26T18:20:20Z,TKJ6BU,"38.605244,34.652603",36000,378,310
1761502822,2025-10-26T18:20:22Z,TKJ6BU,"38.607445,34.649216",36000,378,309
1761502825,2025-10-26T18:20:25Z,TKJ6BU,"38.609734,34.645523",36000,378,308
1761502827,2025-10-26T18:20:27Z,TKJ6BU,"38.612198,34.640965",36000,377,306
1761502829,2025-10-26T18:20:29Z,TKJ6BU,"38.614243,34.63699",36000,377,305
1761502831,2025-10-26T18:20:31Z,TKJ6BU,"38.616402,34.63311",36000,376,304
1761502833,2025-10-26T18:20:33Z,TKJ6BU,"38.618423,34.629139",36000,376,303
1761502835,2025-10-26T18:20:35Z,TKJ6BU,"38.620499,34.625187",36000,375,302
1761502838,2025-10-26T18:20:38Z,TKJ6BU,"38.62249,34.621288",36000,376,301
1761502840,2025-10-26T18:20:40Z,TKJ6BU,"38.62439,34.617249",36000,376,300
1761502842,2025-10-26T18:20:42Z,TKJ6BU,"38.626431,34.613274",36000,374,300
1761502844,2025-10-26T18:20:44Z,TKJ6BU,"38.628395,34.609325",36000,375,300
1761502846,2025-10-26T18:20:46Z,TKJ6BU,"38.630333,34.605053",36000,374,300
1761502848,2025-10-26T18:20:48Z,TKJ6BU,"38.632095,34.601189",36000,375,300
1761502850,2025-10-26T18:20:50Z,TKJ6BU,"38.634224,34.596684",36000,375,300
1761502882,2025-10-26T18:21:22Z,TKJ6BU,"38.662388,34.536564",36000,373,300
1761502914,2025-10-26T18:21:54Z,TKJ6BU,"38.690506,34.476353",36000,372,300
1761502946,2025-10-26T18:22:26Z,TKJ6BU,"38.718407,34.416481",36000,372,300
1761502978,2025-10-26T18:22:58Z,TKJ6BU,"38.746124,34.356247",36000,371,300
1761503009,2025-10-26T18:23:29Z,TKJ6BU,"38.773754,34.296616",36000,371,300
1761503041,2025-10-26T18:24:01Z,TKJ6BU,"38.802078,34.235806",36000,370,300
1761503073,2025-10-26T18:24:33Z,TKJ6BU,"38.82975,34.175388",36000,372,300
1761503106,2025-10-26T18:25:06Z,TKJ6BU,"38.857895,34.114094",36000,373,300
1761503136,2025-10-26T18:25:36Z,TKJ6BU,"38.884556,34.055782",36000,373,300
1761503168,2025-10-26T18:26:08Z,TKJ6BU,"38.912521,33.994804",36000,373,300
1761503199,2025-10-26T18:26:39Z,TKJ6BU,"38.93932,33.93618",36000,374,300
1761503231,2025-10-26T18:27:11Z,TKJ6BU,"38.967361,33.874638",36000,372,300
1761503264,2025-10-26T18:27:44Z,TKJ6BU,"38.995403,33.813133",36000,372,300
1761503294,2025-10-26T18:28:14Z,TKJ6BU,"39.021763,33.755169",36000,372,300
1761503326,2025-10-26T18:28:46Z,TKJ6BU,"39.0495,33.694286",36000,372,300
1761503358,2025-10-26T18:29:18Z,TKJ6BU,"39.077431,33.632248",36000,373,300
1761503390,2025-10-26T18:29:50Z,TKJ6BU,"39.105392,33.570457",36000,373,300
1761503422,2025-10-26T18:30:22Z,TKJ6BU,"39.132858,33.510197",36000,375,300
1761503455,2025-10-26T18:30:55Z,TKJ6BU,"39.16132,33.446243",36000,376,299
1761503487,2025-10-26T18:31:27Z,TKJ6BU,"39.189369,33.383965",36000,377,300
1761503518,2025-10-26T18:31:58Z,TKJ6BU,"39.216431,33.3237",36000,378,299
1761503550,2025-10-26T18:32:30Z,TKJ6BU,"39.244183,33.261791",36000,378,299
1761503582,2025-10-26T18:33:02Z,TKJ6BU,"39.27243,33.198189",36000,378,299
1761503615,2025-10-26T18:33:35Z,TKJ6BU,"39.300449,33.135353",36000,378,299
1761503645,2025-10-26T18:34:05Z,TKJ6BU,"39.327271,33.074814",36000,377,299
1761503676,2025-10-26T18:34:36Z,TKJ6BU,"39.353958,33.014763",36000,377,299
1761503708,2025-10-26T18:35:08Z,TKJ6BU,"39.381042,32.953728",36000,376,299
1761503738,2025-10-26T18:35:38Z,TKJ6BU,"39.40691,32.895203",36000,376,299
1761503770,2025-10-26T18:36:10Z,TKJ6BU,"39.434536,32.832565",36000,374,299
1761503772,2025-10-26T18:36:12Z,TKJ6BU,"39.436577,32.828011",36000,374,299
1761503774,2025-10-26T18:36:14Z,TKJ6BU,"39.438274,32.824322",36000,374,299
1761503776,2025-10-26T18:36:16Z,TKJ6BU,"39.44017,32.819939",36000,374,299
1761503779,2025-10-26T18:36:19Z,TKJ6BU,"39.441936,32.815773",36000,374,299
1761503781,2025-10-26T18:36:21Z,TKJ6BU,"39.443745,32.811607",36000,374,299
1761503783,2025-10-26T18:36:23Z,TKJ6BU,"39.445595,32.807487",36000,374,299
1761503785,2025-10-26T18:36:25Z,TKJ6BU,"39.447632,32.802845",36000,374,299
1761503787,2025-10-26T18:36:27Z,TKJ6BU,"39.449322,32.798988",36000,374,299
1761503789,2025-10-26T18:36:29Z,TKJ6BU,"39.45105,32.795101",36000,374,299
1761503791,2025-10-26T18:36:31Z,TKJ6BU,"39.45295,32.790661",36000,374,299
1761503794,2025-10-26T18:36:34Z,TKJ6BU,"39.454769,32.78648",36000,374,299
1761503796,2025-10-26T18:36:36Z,TKJ6BU,"39.456501,32.782688",36000,374,299
1761503826,2025-10-26T18:37:06Z,TKJ6BU,"39.482761,32.722706",36000,377,299
1761503859,2025-10-26T18:37:39Z,TKJ6BU,"39.510731,32.659077",36000,378,299
1761503891,2025-10-26T18:38:11Z,TKJ6BU,"39.538345,32.595764",36000,379,299
1761503923,2025-10-26T18:38:43Z,TKJ6BU,"39.56683,32.530693",36000,381,299
1761503954,2025-10-26T18:39:14Z,TKJ6BU,"39.593288,32.470322",36000,384,299
1761503987,2025-10-26T18:39:47Z,TKJ6BU,"39.621632,32.405262",36000,384,299
1761504018,2025-10-26T18:40:18Z,TKJ6BU,"39.648369,32.343662",36000,384,298
1761504022,2025-10-26T18:40:22Z,TKJ6BU,"39.652424,32.334213",36000,384,299
1761504024,2025-10-26T18:40:24Z,TKJ6BU,"39.654541,32.32943",36000,384,299
1761504027,2025-10-26T18:40:27Z,TKJ6BU,"39.656719,32.324421",36000,383,299
1761504029,2025-10-26T18:40:29Z,TKJ6BU,"39.65844,32.320576",36000,383,299
1761504031,2025-10-26T18:40:31Z,TKJ6BU,"39.660324,32.316139",36000,383,299
1761504063,2025-10-26T18:41:03Z,TKJ6BU,"39.688248,32.251961",36000,382,299
1761504094,2025-10-26T18:41:34Z,TKJ6BU,"39.714436,32.190926",36000,380,299
1761504127,2025-10-26T18:42:07Z,TKJ6BU,"39.742596,32.125751",36000,377,299
1761504159,2025-10-26T18:42:39Z,TKJ6BU,"39.769768,32.062771",36000,375,299
1761504191,2025-10-26T18:43:11Z,TKJ6BU,"39.796658,32.000122",36000,375,299
1761504221,2025-10-26T18:43:41Z,TKJ6BU,"39.821892,31.941355",36000,374,299
1761504253,2025-10-26T18:44:13Z,TKJ6BU,"39.849007,31.878071",36000,404,298
1761504285,2025-10-26T18:44:45Z,TKJ6BU,"39.876038,31.814741",36000,373,298
1761504317,2025-10-26T18:45:17Z,TKJ6BU,"39.902626,31.752373",36000,372,298
1761504350,2025-10-26T18:45:50Z,TKJ6BU,"39.929756,31.688526",35900,372,298
1761504380,2025-10-26T18:46:20Z,TKJ6BU,"39.954815,31.629589",35400,372,298
1761504412,2025-10-26T18:46:52Z,TKJ6BU,"39.98196,31.565628",34850,374,298
1761504445,2025-10-26T18:47:25Z,TKJ6BU,"40.009171,31.501389",34325,374,298
1761504477,2025-10-26T18:47:57Z,TKJ6BU,"40.036121,31.437254",33800,374,298
1761504509,2025-10-26T18:48:29Z,TKJ6BU,"40.062534,31.374466",33300,375,298
1761504541,2025-10-26T18:49:01Z,TKJ6BU,"40.089096,31.311323",32775,381,298
1761504571,2025-10-26T18:49:31Z,TKJ6BU,"40.114471,31.250555",32300,384,298
1761504603,2025-10-26T18:50:03Z,TKJ6BU,"40.141865,31.184671",31450,389,298
1761504635,2025-10-26T18:50:35Z,TKJ6BU,"40.169147,31.118771",30425,386,298
1761504667,2025-10-26T18:51:07Z,TKJ6BU,"40.196697,31.053589",29400,376,298
1761504699,2025-10-26T18:51:39Z,TKJ6BU,"40.222675,30.990181",28300,372,298
1761504732,2025-10-26T18:52:12Z,TKJ6BU,"40.248653,30.926107",27150,366,298
1761504764,2025-10-26T18:52:44Z,TKJ6BU,"40.274601,30.863834",26025,360,298
1761504796,2025-10-26T18:53:16Z,TKJ6BU,"40.299603,30.803431",25100,351,297
1761504811,2025-10-26T18:53:31Z,TKJ6BU,"40.309715,30.772972",24825,346,288
1761504813,2025-10-26T18:53:33Z,TKJ6BU,"40.310638,30.769104",24800,345,287
1761504816,2025-10-26T18:53:36Z,TKJ6BU,"40.311646,30.764765",24750,344,286
1761504818,2025-10-26T18:53:38Z,TKJ6BU,"40.312592,30.760283",24725,344,285
1761504820,2025-10-26T18:53:40Z,TKJ6BU,"40.313522,30.755363",24675,344,284
1761504822,2025-10-26T18:53:42Z,TKJ6BU,"40.314262,30.751585",24650,343,282
1761504824,2025-10-26T18:53:44Z,TKJ6BU,"40.314964,30.7474",24625,343,281
1761504826,2025-10-26T18:53:46Z,TKJ6BU,"40.31567,30.742344",24575,342,280
1761504828,2025-10-26T18:53:48Z,TKJ6BU,"40.316071,30.73889",24550,342,279
1761504831,2025-10-26T18:53:51Z,TKJ6BU,"40.316639,30.734543",24500,341,278
1761504833,2025-10-26T18:53:53Z,TKJ6BU,"40.317272,30.72912",24475,342,278
1761504835,2025-10-26T18:53:55Z,TKJ6BU,"40.317642,30.725332",24425,341,278
1761504837,2025-10-26T18:53:57Z,TKJ6BU,"40.318115,30.72048",24400,340,278
1761504839,2025-10-26T18:53:59Z,TKJ6BU,"40.318714,30.715673",24350,340,278
1761504842,2025-10-26T18:54:02Z,TKJ6BU,"40.31916,30.711334",24300,340,278
1761504873,2025-10-26T18:54:33Z,TKJ6BU,"40.326557,30.646471",23775,338,278
1761504906,2025-10-26T18:55:06Z,TKJ6BU,"40.333748,30.580853",22825,338,278
1761504938,2025-10-26T18:55:38Z,TKJ6BU,"40.340527,30.519196",22400,312,278
1761504970,2025-10-26T18:56:10Z,TKJ6BU,"40.34684,30.461384",21875,292,277
1761505002,2025-10-26T18:56:42Z,TKJ6BU,"40.352943,30.407022",21175,273,279
1761505034,2025-10-26T18:57:14Z,TKJ6BU,"40.359081,30.356695",20500,257,279
1761505064,2025-10-26T18:57:44Z,TKJ6BU,"40.364315,30.311388",19750,246,278
1761505097,2025-10-26T18:58:17Z,TKJ6BU,"40.370136,30.263002",18900,244,278
1761505129,2025-10-26T18:58:49Z,TKJ6BU,"40.375824,30.215853",18050,245,278
1761505161,2025-10-26T18:59:21Z,TKJ6BU,"40.381535,30.168629",17750,250,280
1761505165,2025-10-26T18:59:25Z,TKJ6BU,"40.382484,30.161842",17700,248,286
1761505168,2025-10-26T18:59:28Z,TKJ6BU,"40.383301,30.158407",17675,249,289
1761505170,2025-10-26T18:59:30Z,TKJ6BU,"40.38385,30.156324",17625,249,292
1761505172,2025-10-26T18:59:32Z,TKJ6BU,"40.384735,30.153088",17600,250,297
1761505174,2025-10-26T18:59:34Z,TKJ6BU,"40.385994,30.150337",17575,250,299
1761505176,2025-10-26T18:59:36Z,TKJ6BU,"40.387169,30.147835",17550,252,302
1761505178,2025-10-26T18:59:38Z,TKJ6BU,"40.388412,30.145237",17500,252,307
1761505180,2025-10-26T18:59:40Z,TKJ6BU,"40.390106,30.142641",17450,253,310
1761505182,2025-10-26T18:59:42Z,TKJ6BU,"40.391994,30.14002",17425,254,313
1761505184,2025-10-26T18:59:44Z,TKJ6BU,"40.393612,30.13798",17400,256,316
1761505187,2025-10-26T18:59:47Z,TKJ6BU,"40.395401,30.135889",17350,257,320
1761505189,2025-10-26T18:59:49Z,TKJ6BU,"40.397663,30.133585",17325,259,323
1761505191,2025-10-26T18:59:51Z,TKJ6BU,"40.399818,30.131454",17275,261,328
1761505193,2025-10-26T18:59:53Z,TKJ6BU,"40.401897,30.129892",17275,263,331
1761505195,2025-10-26T18:59:55Z,TKJ6BU,"40.4039,30.128405",17225,265,334
1761505197,2025-10-26T18:59:57Z,TKJ6BU,"40.406071,30.12722",17175,267,338
1761505199,2025-10-26T18:59:59Z,TKJ6BU,"40.408871,30.12582",17150,269,340
1761505201,2025-10-26T19:00:01Z,TKJ6BU,"40.411541,30.12475",17100,271,343
1761505203,2025-10-26T19:00:03Z,TKJ6BU,"40.414089,30.123655",17050,272,344
1761505206,2025-10-26T19:00:06Z,TKJ6BU,"40.416752,30.122835",17025,272,344
1761505208,2025-10-26T19:00:08Z,TKJ6BU,"40.419445,30.121992",16975,272,344
1761505210,2025-10-26T19:00:10Z,TKJ6BU,"40.421673,30.121185",16925,272,343
1761505212,2025-10-26T19:00:12Z,TKJ6BU,"40.42445,30.12015",16900,272,343
1761505215,2025-10-26T19:00:15Z,TKJ6BU,"40.427135,30.11911",16875,270,343
1761505217,2025-10-26T19:00:17Z,TKJ6BU,"40.430111,30.117992",16825,270,343
1761505219,2025-10-26T19:00:19Z,TKJ6BU,"40.432762,30.117008",16800,270,343
1761505221,2025-10-26T19:00:21Z,TKJ6BU,"40.43568,30.115965",16750,270,343
1761505223,2025-10-26T19:00:23Z,TKJ6BU,"40.43819,30.115057",16725,270,343
1761505225,2025-10-26T19:00:25Z,TKJ6BU,"40.440506,30.114155",16675,270,343
1761505257,2025-10-26T19:00:57Z,TKJ6BU,"40.479477,30.099478",16100,275,344
1761505289,2025-10-26T19:01:29Z,TKJ6BU,"40.518528,30.085068",15525,278,344
1761505322,2025-10-26T19:02:02Z,TKJ6BU,"40.559975,30.070129",14925,277,344
1761505354,2025-10-26T19:02:34Z,TKJ6BU,"40.60054,30.05541",14350,276,344
1761505386,2025-10-26T19:03:06Z,TKJ6BU,"40.639324,30.040968",13775,272,344
1761505417,2025-10-26T19:03:37Z,TKJ6BU,"40.675613,30.02739",13225,269,344
1761505447,2025-10-26T19:04:07Z,TKJ6BU,"40.711445,30.014999",12725,270,353
1761505449,2025-10-26T19:04:09Z,TKJ6BU,"40.714123,30.014711",12700,272,357
1761505451,2025-10-26T19:04:11Z,TKJ6BU,"40.71664,30.014647",12650,273,359
1761505453,2025-10-26T19:04:13Z,TKJ6BU,"40.719566,30.014723",12625,274,3
1761505455,2025-10-26T19:04:15Z,TKJ6BU,"40.722221,30.014999",12575,276,6
1761505457,2025-10-26T19:04:17Z,TKJ6BU,"40.724995,30.015394",12525,277,8
1761505460,2025-10-26T19:04:20Z,TKJ6BU,"40.728104,30.016109",12500,279,11
1761505462,2025-10-26T19:04:22Z,TKJ6BU,"40.730621,30.016933",12450,282,13
1761505464,2025-10-26T19:04:24Z,TKJ6BU,"40.733414,30.017897",12425,282,16
1761505466,2025-10-26T19:04:26Z,TKJ6BU,"40.736019,30.019165",12375,286,20
1761505468,2025-10-26T19:04:28Z,TKJ6BU,"40.738865,30.02058",12325,288,23
1761505471,2025-10-26T19:04:31Z,TKJ6BU,"40.741405,30.022095",12300,290,25
1761505473,2025-10-26T19:04:33Z,TKJ6BU,"40.744209,30.024096",12250,291,28
1761505475,2025-10-26T19:04:35Z,TKJ6BU,"40.746414,30.025854",12200,294,32
1761505477,2025-10-26T19:04:37Z,TKJ6BU,"40.748905,30.027941",12175,296,35
1761505479,2025-10-26T19:04:39Z,TKJ6BU,"40.751492,30.030424",12125,296,36
1761505481,2025-10-26T19:04:41Z,TKJ6BU,"40.75349,30.032564",12075,299,40
1761505483,2025-10-26T19:04:43Z,TKJ6BU,"40.755898,30.035118",12025,300,43
1761505485,2025-10-26T19:04:45Z,TKJ6BU,"40.758377,30.038088",12000,302,46
1761505487,2025-10-26T19:04:47Z,TKJ6BU,"40.760361,30.040859",11950,302,48
1761505490,2025-10-26T19:04:50Z,TKJ6BU,"40.762787,30.0445",11900,303,51
1761505492,2025-10-26T19:04:52Z,TKJ6BU,"40.764084,30.047077",11850,304,52
1761505494,2025-10-26T19:04:54Z,TKJ6BU,"40.765938,30.050419",11800,304,52
1761505496,2025-10-26T19:04:56Z,TKJ6BU,"40.767914,30.053984",11750,304,52
1761505498,2025-10-26T19:04:58Z,TKJ6BU,"40.769485,30.056793",11700,304,52
1761505501,2025-10-26T19:05:01Z,TKJ6BU,"40.771286,30.059965",11650,304,52
1761505503,2025-10-26T19:05:03Z,TKJ6BU,"40.773197,30.06316",11625,304,52
1761505505,2025-10-26T19:05:05Z,TKJ6BU,"40.775043,30.066326",11575,304,52
1761505507,2025-10-26T19:05:07Z,TKJ6BU,"40.776817,30.069389",11550,303,52
1761505509,2025-10-26T19:05:09Z,TKJ6BU,"40.778862,30.07279",11500,304,52
1761505511,2025-10-26T19:05:11Z,TKJ6BU,"40.780735,30.076092",11450,303,52
1761505524,2025-10-26T19:05:24Z,TKJ6BU,"40.791901,30.094963",11175,303,52
1761505537,2025-10-26T19:05:37Z,TKJ6BU,"40.80304,30.113918",10900,302,52
1761505551,2025-10-26T19:05:51Z,TKJ6BU,"40.813911,30.133165",10625,302,52
1761505564,2025-10-26T19:06:04Z,TKJ6BU,"40.825516,30.153093",10350,301,51
1761505572,2025-10-26T19:06:12Z,TKJ6BU,"40.833229,30.164055",10175,294,40
1761505575,2025-10-26T19:06:15Z,TKJ6BU,"40.835888,30.166954",10150,291,36
1761505577,2025-10-26T19:06:17Z,TKJ6BU,"40.837643,30.168468",10150,287,33
1761505579,2025-10-26T19:06:19Z,TKJ6BU,"40.840157,30.170372",10125,284,28
1761505581,2025-10-26T19:06:21Z,TKJ6BU,"40.842651,30.17219",10125,280,26
1761505583,2025-10-26T19:06:23Z,TKJ6BU,"40.845345,30.17384",10125,278,23
1761505586,2025-10-26T19:06:26Z,TKJ6BU,"40.847763,30.175182",10125,275,20
1761505588,2025-10-26T19:06:28Z,TKJ6BU,"40.850876,30.176558",10125,273,17
1761505590,2025-10-26T19:06:30Z,TKJ6BU,"40.853561,30.177479",10125,271,15
1761505592,2025-10-26T19:06:32Z,TKJ6BU,"40.856499,30.178431",10125,269,11
1761505594,2025-10-26T19:06:34Z,TKJ6BU,"40.858841,30.178961",10125,268,8
1761505596,2025-10-26T19:06:36Z,TKJ6BU,"40.861729,30.179514",10125,268,6
1761505599,2025-10-26T19:06:39Z,TKJ6BU,"40.864189,30.179735",10125,266,5
1761505601,2025-10-26T19:06:41Z,TKJ6BU,"40.866631,30.17996",10125,265,4
1761505603,2025-10-26T19:06:43Z,TKJ6BU,"40.869217,30.180138",10125,266,4
1761505605,2025-10-26T19:06:45Z,TKJ6BU,"40.871998,30.180414",10125,266,4
1761505607,2025-10-26T19:06:47Z,TKJ6BU,"40.874352,30.180649",10125,266,4
1761505609,2025-10-26T19:06:49Z,TKJ6BU,"40.876854,30.181005",10125,266,4
1761505611,2025-10-26T19:06:51Z,TKJ6BU,"40.879498,30.181349",10125,265,4
1761505613,2025-10-26T19:06:53Z,TKJ6BU,"40.882092,30.181652",10125,265,4
1761505615,2025-10-26T19:06:55Z,TKJ6BU,"40.884605,30.181931",10125,265,4
1761505617,2025-10-26T19:06:57Z,TKJ6BU,"40.887787,30.182278",10125,266,4
1761505619,2025-10-26T19:06:59Z,TKJ6BU,"40.889885,30.182564",10150,266,4
1761505632,2025-10-26T19:07:12Z,TKJ6BU,"40.905399,30.184233",10150,267,4
1761505645,2025-10-26T19:07:25Z,TKJ6BU,"40.921635,30.185766",10150,268,4
1761505659,2025-10-26T19:07:39Z,TKJ6BU,"40.93821,30.187557",10150,268,4
1761505672,2025-10-26T19:07:52Z,TKJ6BU,"40.954376,30.188999",10150,268,4
1761505684,2025-10-26T19:08:04Z,TKJ6BU,"40.970177,30.190466",10150,268,4
1761505697,2025-10-26T19:08:17Z,TKJ6BU,"40.986111,30.191977",10150,266,4
1761505710,2025-10-26T19:08:30Z,TKJ6BU,"41.001793,30.193319",10150,266,3
1761505723,2025-10-26T19:08:43Z,TKJ6BU,"41.018013,30.194847",10150,269,4
1761505736,2025-10-26T19:08:56Z,TKJ6BU,"41.034687,30.196466",10150,271,4
1761505749,2025-10-26T19:09:09Z,TKJ6BU,"41.050297,30.19788",10150,270,4
1761505762,2025-10-26T19:09:22Z,TKJ6BU,"41.066933,30.198412",10150,265,356
1761505766,2025-10-26T19:09:26Z,TKJ6BU,"41.07214,30.197905",10150,264,354
1761505768,2025-10-26T19:09:28Z,TKJ6BU,"41.074699,30.197594",10150,263,353
1761505771,2025-10-26T19:09:31Z,TKJ6BU,"41.077198,30.197229",10150,263,351
1761505773,2025-10-26T19:09:33Z,TKJ6BU,"41.080059,30.196615",10150,263,351
1761505775,2025-10-26T19:09:35Z,TKJ6BU,"41.082668,30.196016",10150,262,349
1761505777,2025-10-26T19:09:37Z,TKJ6BU,"41.085602,30.195232",10150,261,348
1761505780,2025-10-26T19:09:40Z,TKJ6BU,"41.088192,30.194544",10150,261,347
1761505782,2025-10-26T19:09:42Z,TKJ6BU,"41.091022,30.193756",10150,260,347
1761505784,2025-10-26T19:09:44Z,TKJ6BU,"41.093376,30.192957",10150,261,347
1761505786,2025-10-26T19:09:46Z,TKJ6BU,"41.095852,30.192081",10150,261,347
1761505789,2025-10-26T19:09:49Z,TKJ6BU,"41.098579,30.191137",10150,261,347
1761505801,2025-10-26T19:10:01Z,TKJ6BU,"41.113247,30.186916",10150,261,347
1761505814,2025-10-26T19:10:14Z,TKJ6BU,"41.128662,30.182245",10150,261,347
1761505827,2025-10-26T19:10:27Z,TKJ6BU,"41.144054,30.177666",10150,260,346
1761505841,2025-10-26T19:10:41Z,TKJ6BU,"41.160069,30.17308",10150,260,346
1761505854,2025-10-26T19:10:54Z,TKJ6BU,"41.175518,30.167284",10150,256,340
1761505862,2025-10-26T19:11:02Z,TKJ6BU,"41.184734,30.162458",10150,253,335
1761505864,2025-10-26T19:11:04Z,TKJ6BU,"41.186874,30.161077",10150,252,334
1761505866,2025-10-26T19:11:06Z,TKJ6BU,"41.188808,30.159752",10150,251,333
1761505868,2025-10-26T19:11:08Z,TKJ6BU,"41.191376,30.158337",10150,251,332
1761505871,2025-10-26T19:11:11Z,TKJ6BU,"41.19326,30.156525",10150,250,331
1761505873,2025-10-26T19:11:13Z,TKJ6BU,"41.195095,30.154913",10150,250,330
1761505875,2025-10-26T19:11:15Z,TKJ6BU,"41.197506,30.153355",10150,250,330
1761505877,2025-10-26T19:11:17Z,TKJ6BU,"41.199596,30.151567",10150,250,330
1761505879,2025-10-26T19:11:19Z,TKJ6BU,"41.201828,30.149761",10150,250,330
1761505881,2025-10-26T19:11:21Z,TKJ6BU,"41.203678,30.148283",10150,250,330
1761505894,2025-10-26T19:11:34Z,TKJ6BU,"41.2164,30.138638",10150,249,330
1761505907,2025-10-26T19:11:47Z,TKJ6BU,"41.229893,30.128635",10150,250,330
1761505920,2025-10-26T19:12:00Z,TKJ6BU,"41.243019,30.11867",10150,250,330
1761505933,2025-10-26T19:12:13Z,TKJ6BU,"41.256104,30.108711",10150,249,330
1761505946,2025-10-26T19:12:26Z,TKJ6BU,"41.268955,30.099068",10150,247,327
1761505957,2025-10-26T19:12:37Z,TKJ6BU,"41.278683,30.089642",10150,244,320
1761505959,2025-10-26T19:12:39Z,TKJ6BU,"41.280678,30.087294",10150,243,318
1761505961,2025-10-26T19:12:41Z,TKJ6BU,"41.282349,30.085257",10150,242,317
1761505963,2025-10-26T19:12:43Z,TKJ6BU,"41.284119,30.083132",10150,243,317
1761505965,2025-10-26T19:12:45Z,TKJ6BU,"41.285847,30.081091",10150,242,315
1761505969,2025-10-26T19:12:49Z,TKJ6BU,"41.288609,30.077539",10150,241,313
1761505971,2025-10-26T19:12:51Z,TKJ6BU,"41.289871,30.074873",10150,241,312
1761505973,2025-10-26T19:12:53Z,TKJ6BU,"41.291557,30.07271",10150,242,312
1761505975,2025-10-26T19:12:55Z,TKJ6BU,"41.293484,30.070232",10150,241,312
1761505977,2025-10-26T19:12:57Z,TKJ6BU,"41.29493,30.068031",10150,242,312
1761505979,2025-10-26T19:12:59Z,TKJ6BU,"41.296486,30.06575",10150,242,312
1761505982,2025-10-26T19:13:02Z,TKJ6BU,"41.298313,30.063505",10150,240,311
1761505984,2025-10-26T19:13:04Z,TKJ6BU,"41.299927,30.061073",10150,239,308
1761505986,2025-10-26T19:13:06Z,TKJ6BU,"41.301643,30.058336",10150,238,305
1761505988,2025-10-26T19:13:08Z,TKJ6BU,"41.303101,30.055738",10150,238,302
1761505990,2025-10-26T19:13:10Z,TKJ6BU,"41.304432,30.053102",10150,237,298
1761505993,2025-10-26T19:13:13Z,TKJ6BU,"41.305569,30.050461",10150,236,294
1761505995,2025-10-26T19:13:15Z,TKJ6BU,"41.306385,30.047703",10150,235,287
1761505997,2025-10-26T19:13:17Z,TKJ6BU,"41.30706,30.044947",10150,234,283
1761505999,2025-10-26T19:13:19Z,TKJ6BU,"41.307606,30.041815",10150,234,281
1761506001,2025-10-26T19:13:21Z,TKJ6BU,"41.307949,30.039125",10150,234,275
1761506003,2025-10-26T19:13:23Z,TKJ6BU,"41.308052,30.03615",10150,234,273
1761506005,2025-10-26T19:13:25Z,TKJ6BU,"41.308018,30.032743",10150,234,268
1761506007,2025-10-26T19:13:27Z,TKJ6BU,"41.307762,30.029526",10150,234,264
1761506009,2025-10-26T19:13:29Z,TKJ6BU,"41.307484,30.026628",10150,234,261
1761506011,2025-10-26T19:13:31Z,TKJ6BU,"41.307163,30.02354",10150,236,257
1761506015,2025-10-26T19:13:35Z,TKJ6BU,"41.306053,30.018513",10150,236,252
1761506017,2025-10-26T19:13:37Z,TKJ6BU,"41.30508,30.016256",10125,236,248
1761506019,2025-10-26T19:13:39Z,TKJ6BU,"41.304005,30.013088",10125,237,245
1761506021,2025-10-26T19:13:41Z,TKJ6BU,"41.303177,30.01067",10125,237,241
1761506023,2025-10-26T19:13:43Z,TKJ6BU,"41.302139,30.00798",10100,239,236
1761506025,2025-10-26T19:13:45Z,TKJ6BU,"41.300892,30.005684",10075,240,232
1761506027,2025-10-26T19:13:47Z,TKJ6BU,"41.299484,30.003359",10025,241,229
1761506029,2025-10-26T19:13:49Z,TKJ6BU,"41.298038,30.001154",10000,242,226
1761506032,2025-10-26T19:13:52Z,TKJ6BU,"41.295773,29.998127",9950,243,224
1761506034,2025-10-26T19:13:54Z,TKJ6BU,"41.293736,29.99592",9925,244,222
1761506036,2025-10-26T19:13:56Z,TKJ6BU,"41.292099,29.994028",9850,244,221
1761506038,2025-10-26T19:13:58Z,TKJ6BU,"41.290028,29.991688",9825,244,221
1761506040,2025-10-26T19:14:00Z,TKJ6BU,"41.28825,29.989647",9775,244,222
1761506043,2025-10-26T19:14:03Z,TKJ6BU,"41.286594,29.987652",9750,244,222
1761506045,2025-10-26T19:14:05Z,TKJ6BU,"41.284332,29.984898",9725,244,222
1761506047,2025-10-26T19:14:07Z,TKJ6BU,"41.282619,29.982948",9675,242,222
1761506049,2025-10-26T19:14:09Z,TKJ6BU,"41.280865,29.980698",9650,242,222
1761506051,2025-10-26T19:14:11Z,TKJ6BU,"41.27914,29.978539",9625,241,222
1761506053,2025-10-26T19:14:13Z,TKJ6BU,"41.277523,29.976526",9575,240,221
1761506056,2025-10-26T19:14:16Z,TKJ6BU,"41.275833,29.974581",9550,240,221
1761506068,2025-10-26T19:14:28Z,TKJ6BU,"41.265499,29.962315",9375,239,221
1761506081,2025-10-26T19:14:41Z,TKJ6BU,"41.254841,29.949663",9175,240,221
1761506094,2025-10-26T19:14:54Z,TKJ6BU,"41.243114,29.936094",8950,240,221
1761506107,2025-10-26T19:15:07Z,TKJ6BU,"41.2328,29.923878",8775,239,221
1761506122,2025-10-26T19:15:22Z,TKJ6BU,"41.220787,29.909758",8550,238,221
1761506137,2025-10-26T19:15:37Z,TKJ6BU,"41.208668,29.89542",8325,240,221
1761506150,2025-10-26T19:15:50Z,TKJ6BU,"41.197735,29.882553",8125,241,221
1761506163,2025-10-26T19:16:03Z,TKJ6BU,"41.186882,29.86965",7925,241,222
1761506176,2025-10-26T19:16:16Z,TKJ6BU,"41.176201,29.856775",7700,240,221
1761506190,2025-10-26T19:16:30Z,TKJ6BU,"41.16399,29.842373",7500,240,221
1761506203,2025-10-26T19:16:43Z,TKJ6BU,"41.153641,29.830126",7300,240,222
1761506218,2025-10-26T19:16:58Z,TKJ6BU,"41.14135,29.81547",7075,240,222
1761506232,2025-10-26T19:17:12Z,TKJ6BU,"41.129383,29.801128",6850,241,222
1761506245,2025-10-26T19:17:25Z,TKJ6BU,"41.118675,29.788401",6650,241,221
1761506258,2025-10-26T19:17:38Z,TKJ6BU,"41.107811,29.775583",6450,240,221
1761506271,2025-10-26T19:17:51Z,TKJ6BU,"41.097015,29.762787",6250,238,221
1761506284,2025-10-26T19:18:04Z,TKJ6BU,"41.086502,29.750412",6050,237,222
1761506299,2025-10-26T19:18:19Z,TKJ6BU,"41.074757,29.736139",5825,232,222
1761506311,2025-10-26T19:18:31Z,TKJ6BU,"41.064587,29.724297",5650,228,221
1761506324,2025-10-26T19:18:44Z,TKJ6BU,"41.054436,29.71257",5450,222,220
1761506337,2025-10-26T19:18:57Z,TKJ6BU,"41.044544,29.701021",5275,215,225
1761506343,2025-10-26T19:19:03Z,TKJ6BU,"41.04158,29.694948",5175,212,229
1761506346,2025-10-26T19:19:06Z,TKJ6BU,"41.040409,29.692736",5150,212,231
1761506348,2025-10-26T19:19:08Z,TKJ6BU,"41.039215,29.690586",5125,211,232
1761506350,2025-10-26T19:19:10Z,TKJ6BU,"41.03759,29.688269",5100,209,234
1761506352,2025-10-26T19:19:12Z,TKJ6BU,"41.035938,29.686338",5075,208,236
1761506354,2025-10-26T19:19:14Z,TKJ6BU,"41.034058,29.683886",5050,207,237
1761506356,2025-10-26T19:19:16Z,TKJ6BU,"41.032906,29.681744",5025,205,238
1761506359,2025-10-26T19:19:19Z,TKJ6BU,"41.031799,29.679302",5000,205,239
1761506361,2025-10-26T19:19:21Z,TKJ6BU,"41.030964,29.676708",4975,205,239
1761506363,2025-10-26T19:19:23Z,TKJ6BU,"41.030003,29.674461",4950,204,239
1761506365,2025-10-26T19:19:25Z,TKJ6BU,"41.029007,29.672188",4900,203,239
1761506367,2025-10-26T19:19:27Z,TKJ6BU,"41.028137,29.670107",4875,202,239
1761506369,2025-10-26T19:19:29Z,TKJ6BU,"41.027065,29.667795",4850,201,239
1761506371,2025-10-26T19:19:31Z,TKJ6BU,"41.026081,29.665663",4825,201,239
1761506373,2025-10-26T19:19:33Z,TKJ6BU,"41.02504,29.6635",4800,199,239
1761506375,2025-10-26T19:19:35Z,TKJ6BU,"41.024006,29.661179",4775,199,239
1761506377,2025-10-26T19:19:37Z,TKJ6BU,"41.023098,29.659159",4750,199,239
1761506380,2025-10-26T19:19:40Z,TKJ6BU,"41.022079,29.656883",4725,198,239
1761506386,2025-10-26T19:19:46Z,TKJ6BU,"41.019146,29.650415",4650,195,239
1761506394,2025-10-26T19:19:54Z,TKJ6BU,"41.01524,29.64168",4525,193,239
1761506403,2025-10-26T19:20:03Z,TKJ6BU,"41.011604,29.633377",4450,188,239
1761506409,2025-10-26T19:20:09Z,TKJ6BU,"41.008804,29.627064",4400,183,239
1761506418,2025-10-26T19:20:18Z,TKJ6BU,"41.005161,29.618944",4275,178,239
1761506424,2025-10-26T19:20:24Z,TKJ6BU,"41.002384,29.612844",4200,174,239
1761506433,2025-10-26T19:20:33Z,TKJ6BU,"40.998913,29.605196",4100,170,238
1761506439,2025-10-26T19:20:39Z,TKJ6BU,"40.996395,29.599247",4025,169,238
1761506448,2025-10-26T19:20:48Z,TKJ6BU,"40.992809,29.591669",3925,169,239
1761506456,2025-10-26T19:20:56Z,TKJ6BU,"40.989429,29.584068",3825,168,239
1761506465,2025-10-26T19:21:05Z,TKJ6BU,"40.986134,29.576586",3700,168,239
1761506473,2025-10-26T19:21:13Z,TKJ6BU,"40.982883,29.569178",3625,169,240
1761506482,2025-10-26T19:21:22Z,TKJ6BU,"40.97974,29.561386",3625,167,244
1761506484,2025-10-26T19:21:24Z,TKJ6BU,"40.978935,29.559366",3625,165,244
1761506486,2025-10-26T19:21:26Z,TKJ6BU,"40.978165,29.557199",3650,164,244
1761506488,2025-10-26T19:21:28Z,TKJ6BU,"40.977657,29.55546",3650,162,244
1761506490,2025-10-26T19:21:30Z,TKJ6BU,"40.976959,29.553511",3650,161,244
1761506492,2025-10-26T19:21:32Z,TKJ6BU,"40.976364,29.551733",3650,160,244
1761506494,2025-10-26T19:21:34Z,TKJ6BU,"40.975655,29.549881",3650,159,244
1761506497,2025-10-26T19:21:37Z,TKJ6BU,"40.975002,29.548014",3650,158,244
1761506499,2025-10-26T19:21:39Z,TKJ6BU,"40.974327,29.546358",3650,157,244
1761506501,2025-10-26T19:21:41Z,TKJ6BU,"40.973652,29.544577",3625,156,244
1761506507,2025-10-26T19:21:47Z,TKJ6BU,"40.971527,29.538887",3625,152,243
1761506516,2025-10-26T19:21:56Z,TKJ6BU,"40.968975,29.531944",3650,151,244
1761506525,2025-10-26T19:22:05Z,TKJ6BU,"40.965958,29.52356",3625,149,244
1761506532,2025-10-26T19:22:12Z,TKJ6BU,"40.963943,29.518188",3625,148,244
1761506540,2025-10-26T19:22:20Z,TKJ6BU,"40.961426,29.511292",3600,148,244
1761506548,2025-10-26T19:22:28Z,TKJ6BU,"40.958939,29.504347",3475,150,244
1761506557,2025-10-26T19:22:37Z,TKJ6BU,"40.956566,29.497728",3350,150,244
1761506563,2025-10-26T19:22:43Z,TKJ6BU,"40.954605,29.492371",3250,148,243
1761506571,2025-10-26T19:22:51Z,TKJ6BU,"40.95219,29.485744",3125,145,243
1761506580,2025-10-26T19:23:00Z,TKJ6BU,"40.949707,29.479065",3025,143,243
1761506586,2025-10-26T19:23:06Z,TKJ6BU,"40.947861,29.474009",2950,141,243
1761506588,2025-10-26T19:23:08Z,TKJ6BU,"40.947254,29.472448",2900,141,243
1761506590,2025-10-26T19:23:10Z,TKJ6BU,"40.94664,29.470764",2875,140,243
1761506599,2025-10-26T19:23:19Z,TKJ6BU,"40.944229,29.464333",2750,139,243
1761506605,2025-10-26T19:23:25Z,TKJ6BU,"40.942459,29.459465",2650,138,244
1761506613,2025-10-26T19:23:33Z,TKJ6BU,"40.94014,29.453064",2525,138,244
1761506620,2025-10-26T19:23:40Z,TKJ6BU,"40.938263,29.447937",2425,136,243
1761506628,2025-10-26T19:23:48Z,TKJ6BU,"40.936066,29.441956",2325,136,244
1761506637,2025-10-26T19:23:57Z,TKJ6BU,"40.933823,29.435791",2250,136,244
1761506643,2025-10-26T19:24:03Z,TKJ6BU,"40.932125,29.431063",2150,135,244
1761506651,2025-10-26T19:24:11Z,TKJ6BU,"40.929749,29.424744",2025,132,243
1761506658,2025-10-26T19:24:18Z,TKJ6BU,"40.928101,29.420288",1950,131,243
1761506666,2025-10-26T19:24:26Z,TKJ6BU,"40.925842,29.414146",1825,129,244
1761506668,2025-10-26T19:24:28Z,TKJ6BU,"40.925327,29.41271",1800,129,243
1761506671,2025-10-26T19:24:31Z,TKJ6BU,"40.924622,29.410889",1750,129,243
1761506673,2025-10-26T19:24:33Z,TKJ6BU,"40.924259,29.409777",1725,128,243
1761506675,2025-10-26T19:24:35Z,TKJ6BU,"40.923615,29.408142",1700,127,244
1761506677,2025-10-26T19:24:37Z,TKJ6BU,"40.92305,29.406593",1675,128,244
1761506679,2025-10-26T19:24:39Z,TKJ6BU,"40.922562,29.405151",1650,127,244
1761506687,2025-10-26T19:24:47Z,TKJ6BU,"40.920349,29.399164",1550,127,243
1761506696,2025-10-26T19:24:56Z,TKJ6BU,"40.918213,29.393311",1425,127,244
1761506700,2025-10-26T19:25:00Z,TKJ6BU,"40.917252,29.390625",1375,128,244
1761506702,2025-10-26T19:25:02Z,TKJ6BU,"40.916565,29.388794",1350,129,243
1761506704,2025-10-26T19:25:04Z,TKJ6BU,"40.916065,29.387428",1325,129,243
1761506706,2025-10-26T19:25:06Z,TKJ6BU,"40.915466,29.385864",1300,130,244
1761506709,2025-10-26T19:25:09Z,TKJ6BU,"40.914963,29.384521",1275,130,244
1761506711,2025-10-26T19:25:11Z,TKJ6BU,"40.914391,29.382872",1250,130,244
1761506713,2025-10-26T19:25:13Z,TKJ6BU,"40.913773,29.381287",1225,131,244
1761506715,2025-10-26T19:25:15Z,TKJ6BU,"40.913223,29.379761",1175,131,244
1761506717,2025-10-26T19:25:17Z,TKJ6BU,"40.912674,29.378235",1150,131,244
1761506719,2025-10-26T19:25:19Z,TKJ6BU,"40.91217,29.37677",1125,131,244
1761506727,2025-10-26T19:25:27Z,TKJ6BU,"40.909927,29.370728",1025,134,244
1761506736,2025-10-26T19:25:36Z,TKJ6BU,"40.90773,29.364746",900,135,244
1761506742,2025-10-26T19:25:42Z,TKJ6BU,"40.905823,29.359589",825,137,243
1761506750,2025-10-26T19:25:50Z,TKJ6BU,"40.90361,29.353516",700,139,244
1761506759,2025-10-26T19:25:59Z,TKJ6BU,"40.90123,29.347107",600,139,244
1761506765,2025-10-26T19:26:05Z,TKJ6BU,"40.899399,29.342102",475,143,244
1761506774,2025-10-26T19:26:14Z,TKJ6BU,"40.896793,29.335119",375,144,243
1761506780,2025-10-26T19:26:20Z,TKJ6BU,"40.895023,29.330187",350,125,244
1761506787,2025-10-26T19:26:27Z,TKJ6BU,"40.893581,29.326317",375,99,244
1761506795,2025-10-26T19:26:35Z,TKJ6BU,"40.892334,29.322962",0,65,243
1761506801,2025-10-26T19:26:41Z,TKJ6BU,"40.891788,29.321417",0,34,243
1761506802,2025-10-26T19:26:42Z,TKJ6BU,"40.891697,29.321167",0,34,247
1761506803,2025-10-26T19:26:43Z,TKJ6BU,"40.891628,29.320953",0,33,247
1761506805,2025-10-26T19:26:45Z,TKJ6BU,"40.891556,29.320684",0,32,250
1761506807,2025-10-26T19:26:47Z,TKJ6BU,"40.891479,29.320419",0,32,250
1761506808,2025-10-26T19:26:48Z,TKJ6BU,"40.891426,29.320215",0,31,250
1761506810,2025-10-26T19:26:50Z,TKJ6BU,"40.891342,29.319839",0,31,253
1761506812,2025-10-26T19:26:52Z,TKJ6BU,"40.891266,29.319389",0,30,258
1761506813,2025-10-26T19:26:53Z,TKJ6BU,"40.891232,29.319139",0,29,261
1761506816,2025-10-26T19:26:56Z,TKJ6BU,"40.891205,29.318811",0,29,264
1761506817,2025-10-26T19:26:57Z,TKJ6BU,"40.891193,29.318604",0,28,267
1761506819,2025-10-26T19:26:59Z,TKJ6BU,"40.891193,29.318327",0,22,270
1761506821,2025-10-26T19:27:01Z,TKJ6BU,"40.891193,29.318085",0,16,270
1761506823,2025-10-26T19:27:03Z,TKJ6BU,"40.891193,29.317875",0,16,272
1761506826,2025-10-26T19:27:06Z,TKJ6BU,"40.891216,29.317596",0,15,272
1761506830,2025-10-26T19:27:10Z,TKJ6BU,"40.891216,29.317375",0,10,272
1761506833,2025-10-26T19:27:13Z,TKJ6BU,"40.891228,29.317154",0,10,272
1761506837,2025-10-26T19:27:17Z,TKJ6BU,"40.891243,29.316954",0,7,272
1761506845,2025-10-26T19:27:25Z,TKJ6BU,"40.891251,29.316727",0,3,272
1761506870,2025-10-26T19:27:50Z,TKJ6BU,"40.891262,29.316498",0,5,272
1761506876,2025-10-26T19:27:56Z,TKJ6BU,"40.891285,29.316208",0,8,275
1761506880,2025-10-26T19:28:00Z,TKJ6BU,"40.891296,29.315979",0,10,272
1761506887,2025-10-26T19:28:07Z,TKJ6BU,"40.891312,29.315456",0,12,272
1761506893,2025-10-26T19:28:13Z,TKJ6BU,"40.891331,29.315063",0,13,275
1761506897,2025-10-26T19:28:17Z,TKJ6BU,"40.891415,29.314754",0,12,292
1761506901,2025-10-26T19:28:21Z,TKJ6BU,"40.891571,29.314514",0,13,312
1761506906,2025-10-26T19:28:26Z,TKJ6BU,"40.8918,29.314316",0,11,331
1761506910,2025-10-26T19:28:30Z,TKJ6BU,"40.89201,29.31424",0,11,348
1761506915,2025-10-26T19:28:35Z,TKJ6BU,"40.892235,29.314316",0,11,19
1761506920,2025-10-26T19:28:40Z,TKJ6BU,"40.892452,29.314545",0,10,42
1761506926,2025-10-26T19:28:46Z,TKJ6BU,"40.892685,29.314707",0,10,19
1761506931,2025-10-26T19:28:51Z,TKJ6BU,"40.892906,29.314661",0,10,348
1761506937,2025-10-26T19:28:57Z,TKJ6BU,"40.893173,29.314514",0,10,334
1761506942,2025-10-26T19:29:02Z,TKJ6BU,"40.893379,29.314392",0,11,334
1761506946,2025-10-26T19:29:06Z,TKJ6BU,"40.893593,29.314255",0,11,334
1761506952,2025-10-26T19:29:12Z,TKJ6BU,"40.893837,29.314102",0,11,331
1761506958,2025-10-26T19:29:18Z,TKJ6BU,"40.89415,29.313896",0,12,331
1761506965,2025-10-26T19:29:25Z,TKJ6BU,"40.894512,29.313662",0,13,331
1761506972,2025-10-26T19:29:32Z,TKJ6BU,"40.894878,29.313416",0,12,334
1761506977,2025-10-26T19:29:37Z,TKJ6BU,"40.895081,29.313303",0,10,331
1761506982,2025-10-26T19:29:42Z,TKJ6BU,"40.895313,29.313141",0,11,331
1761506988,2025-10-26T19:29:48Z,TKJ6BU,"40.895519,29.313019",0,8,331
1761506996,2025-10-26T19:29:56Z,TKJ6BU,"40.895802,29.312834",0,9,331
1761507003,2025-10-26T19:30:03Z,TKJ6BU,"40.896095,29.312647",0,10,331
1761507011,2025-10-26T19:30:11Z,TKJ6BU,"40.896412,29.312454",0,11,331
1761507018,2025-10-26T19:30:18Z,TKJ6BU,"40.896725,29.312241",0,11,334
1761507023,2025-10-26T19:30:23Z,TKJ6BU,"40.896957,29.312101",0,12,331
1761507028,2025-10-26T19:30:28Z,TKJ6BU,"40.897213,29.311945",0,12,331
1761507035,2025-10-26T19:30:35Z,TKJ6BU,"40.897423,29.311743",0,8,320
1761507041,2025-10-26T19:30:41Z,TKJ6BU,"40.897549,29.311539",0,6,309
1761507132,2025-10-26T19:32:12Z,TKJ6BU,"40.897747,29.311337",0,7,323
1761507137,2025-10-26T19:32:17Z,TKJ6BU,"40.897968,29.31118",0,11,331
1761507141,2025-10-26T19:32:21Z,TKJ6BU,"40.898212,29.311039",0,13,331
1761507146,2025-10-26T19:32:26Z,TKJ6BU,"40.898426,29.310883",0,13,331
1761507150,2025-10-26T19:32:30Z,TKJ6BU,"40.898643,29.310745",0,11,331
1761507155,2025-10-26T19:32:35Z,TKJ6BU,"40.898884,29.310699",0,11,357
1761507160,2025-10-26T19:32:40Z,TKJ6BU,"40.89909,29.310822",0,11,25
1761507165,2025-10-26T19:32:45Z,TKJ6BU,"40.899296,29.311096",0,12,47
1761507169,2025-10-26T19:32:49Z,TKJ6BU,"40.899445,29.31134",0,14,53
1761507172,2025-10-26T19:32:52Z,TKJ6BU,"40.899559,29.311554",0,15,53
1761507176,2025-10-26T19:32:56Z,TKJ6BU,"40.899719,29.311798",0,15,50
1761507179,2025-10-26T19:32:59Z,TKJ6BU,"40.899879,29.312027",0,15,47
1761507182,2025-10-26T19:33:02Z,TKJ6BU,"40.900063,29.312273",0,17,42
1761507186,2025-10-26T19:33:06Z,TKJ6BU,"40.90028,29.312515",0,17,39
1761507190,2025-10-26T19:33:10Z,TKJ6BU,"40.900497,29.312744",0,14,36
1761507194,2025-10-26T19:33:14Z,TKJ6BU,"40.900738,29.312975",0,14,33
1761507198,2025-10-26T19:33:18Z,TKJ6BU,"40.900967,29.313156",0,15,33
1761507203,2025-10-26T19:33:23Z,TKJ6BU,"40.901249,29.313412",0,16,33
1761507209,2025-10-26T19:33:29Z,TKJ6BU,"40.901676,29.313797",0,17,33
1761507216,2025-10-26T19:33:36Z,TKJ6BU,"40.902134,29.314209",0,18,33
1761507222,2025-10-26T19:33:42Z,TKJ6BU,"40.902462,29.31455",0,16,39
1761507225,2025-10-26T19:33:45Z,TKJ6BU,"40.902634,29.314785",0,16,47
1761507227,2025-10-26T19:33:47Z,TKJ6BU,"40.902752,29.314987",0,17,53
1761507230,2025-10-26T19:33:50Z,TKJ6BU,"40.902878,29.315277",0,17,61
1761507233,2025-10-26T19:33:53Z,TKJ6BU,"40.902985,29.31555",0,17,64
1761507235,2025-10-26T19:33:55Z,TKJ6BU,"40.903061,29.31575",0,18,64
1761507238,2025-10-26T19:33:58Z,TKJ6BU,"40.903175,29.316086",0,18,64
1761507241,2025-10-26T19:34:01Z,TKJ6BU,"40.903255,29.316315",0,18,64
1761507243,2025-10-26T19:34:03Z,TKJ6BU,"40.903343,29.316565",0,19,64
1761507245,2025-10-26T19:34:05Z,TKJ6BU,"40.903439,29.316782",0,19,64
1761507247,2025-10-26T19:34:07Z,TKJ6BU,"40.90353,29.317047",0,19,64
1761507250,2025-10-26T19:34:10Z,TKJ6BU,"40.903645,29.317337",0,20,64
1761507252,2025-10-26T19:34:12Z,TKJ6BU,"40.903736,29.317612",0,20,64
1761507255,2025-10-26T19:34:15Z,TKJ6BU,"40.903824,29.317844",0,20,64
1761507257,2025-10-26T19:34:17Z,TKJ6BU,"40.903915,29.318094",0,21,64
1761507259,2025-10-26T19:34:19Z,TKJ6BU,"40.90403,29.318405",0,20,64
1761507263,2025-10-26T19:34:23Z,TKJ6BU,"40.904148,29.318718",0,15,64
1761507269,2025-10-26T19:34:29Z,TKJ6BU,"40.904301,29.319124",0,12,64
1761507276,2025-10-26T19:34:36Z,TKJ6BU,"40.904438,29.319513",0,13,61
1761507280,2025-10-26T19:34:40Z,TKJ6BU,"40.904556,29.319748",0,9,56
1761507286,2025-10-26T19:34:46Z,TKJ6BU,"40.904789,29.319887",0,10,16
1761507290,2025-10-26T19:34:50Z,TKJ6BU,"40.905006,29.319855",0,11,351
1761507294,2025-10-26T19:34:54Z,TKJ6BU,"40.905212,29.319763",0,12,340
1761507298,2025-10-26T19:34:58Z,TKJ6BU,"40.905441,29.319622",0,13,334
1761507303,2025-10-26T19:35:03Z,TKJ6BU,"40.905659,29.319489",0,9,331
1761507309,2025-10-26T19:35:09Z,TKJ6BU,"40.905876,29.319351",0,9,337
1761507315,2025-10-26T19:35:15Z,TKJ6BU,"40.906105,29.319321",0,9,357
1761507321,2025-10-26T19:35:21Z,TKJ6BU,"40.906322,29.31945",0,9,28
1761507326,2025-10-26T19:35:26Z,TKJ6BU,"40.906528,29.319458",0,8,354
1761507333,2025-10-26T19:35:33Z,TKJ6BU,"40.906746,29.319321",0,5,334
1761507346,2025-10-26T19:35:46Z,TKJ6BU,"40.906952,29.319199",0,2,331
