station,valid,lon,lat,elevation,tmpf,dwpf,relh,drct,sknt,p01i,alti,mslp,vsby,gust,skyc1,skyc2,skyc3,skyc4,skyl1,skyl2,skyl3,skyl4,wxcodes,ice_accretion_1hr,ice_accretion_3hr,ice_accretion_6hr,peak_wind_gust,peak_wind_drct,peak_wind_time,feel,metar,snowdepth
LTFH,1712364600,36.5671,41.2545,5.0,44.6,44.6,100.0,,2.0,0.0,30.18,,3.73,,FEW,,,,800.0,,,,,,,,,,,44.6,LTFH 060050Z VRB02KT 6000 FEW008 07/07 Q1022 NOSIG,
LTFH,1712368200,36.5671,41.2545,5.0,44.6,44.6,100.0,140.0,4.0,0.0,30.18,,0.5,,VV ,,,,200.0,,,,FG,,,,,,,42.13,LTFH 060150Z 14004KT 0800 R13/0375D R31/0550U FG VV002 07/07 Q1022 NOSIG,
LTFH,1712371800,36.5671,41.2545,5.0,44.6,44.6,100.0,110.0,3.0,0.0,30.15,,0.19,,VV ,,,,400.0,,,,FG,,,,,,,43.09,LTFH 060250Z 11003KT 0300 R13/0225N R31/0225N FG VV004 07/07 Q1021 BECMG TL0400 2800 BR BKN008,
LTFH,1712375400,36.5671,41.2545,5.0,42.8,42.8,100.0,,1.0,0.0,30.18,,0.19,,VV ,,,,300.0,,,,FG,,,,,,,42.8,LTFH 060350Z VRB01KT 0300 R13/0300N R31/0300N FG VV003 06/06 Q1022 NOSIG,
LTFH,1712379000,36.5671,41.2545,5.0,46.4,44.6,93.4,30.0,3.0,0.0,30.18,,0.75,,BKN,,,,800.0,,,,BCFG,,,,,,,45.15,LTFH 060450Z 03003KT 360V060 1200 R13/0900N R31/P1500U BCFG BKN008 08/07 Q1022 NOSIG,
LTFH,1712382600,36.5671,41.2545,5.0,50.0,50.0,100.0,0.0,0.0,0.0,30.18,,1.99,,BKN,,,,800.0,,,,BR,,,,,,,50.0,LTFH 060550Z 00000KT 3200 BR BKN008 10/10 Q1022 NOSIG,
LTFH,1712386200,36.5671,41.2545,5.0,57.2,48.2,71.83,,3.0,0.0,30.21,,2.98,,FEW,,,,1000.0,,,,BR,,,,,,,57.2,LTFH 060650Z VRB03KT 4800 BR FEW010 14/09 Q1023 NOSIG,
LTFH,1712389800,36.5671,41.2545,5.0,57.2,44.6,62.69,330.0,6.0,0.0,30.18,,6.21,,FEW,,,,3600.0,,,,,,,,,,,57.2,LTFH 060750Z 33006KT 9999 FEW036 14/07 Q1022 NOSIG,
LTFH,1712393400,36.5671,41.2545,5.0,59.0,46.4,62.92,330.0,7.0,0.0,30.18,,6.21,,FEW,,,,3600.0,,,,,,,,,,,59.0,LTFH 060850Z 33007KT 300V360 9999 FEW036 15/08 Q1022 NOSIG,
LTFH,1712397000,36.5671,41.2545,5.0,59.0,44.6,58.77,340.0,8.0,0.0,30.15,,6.21,,FEW,,,,3600.0,,,,,,,,,,,59.0,LTFH 060950Z 34008KT 9999 FEW036 15/07 Q1021 NOSIG,
LTFH,1712400600,36.5671,41.2545,5.0,64.4,46.4,51.98,350.0,6.0,0.0,30.15,,6.21,,FEW,,,,3600.0,,,,,,,,,,,64.4,LTFH 061050Z 35006KT 320V020 9999 FEW036 18/08 Q1021,
LTFH,1712404200,36.5671,41.2545,5.0,64.4,44.6,48.55,350.0,8.0,0.0,30.12,,6.21,,FEW,,,,3600.0,,,,,,,,,,,64.4,LTFH 061150Z 35008KT 320V030 9999 FEW036 18/07 Q1020 NOSIG,
LTFH,1712407800,36.5671,41.2545,5.0,62.6,41.0,45.04,40.0,8.0,0.0,30.12,,6.21,,FEW,,,,3600.0,,,,,,,,,,,62.6,LTFH 061250Z 04008KT 350V080 9999 FEW036 17/05 Q1020 NOSIG,
LTFH,1712411400,36.5671,41.2545,5.0,62.6,42.8,48.28,70.0,6.0,0.0,30.12,,6.21,,FEW,,,,3600.0,,,,,,,,,,,62.6,LTFH 061350Z 07006KT 020V110 9999 FEW036 17/06 Q1020 NOSIG,
LTFH,1712415000,36.5671,41.2545,5.0,60.8,41.0,48.0,70.0,6.0,0.0,30.12,,6.21,,FEW,,,,3600.0,,,,,,,,,,,60.8,LTFH 061450Z 07006KT 030V110 9999 FEW036 16/05 Q1020 NOSIG,
LTFH,1712418600,36.5671,41.2545,5.0,55.4,42.8,62.46,110.0,5.0,0.0,30.12,,6.21,,FEW,,,,3600.0,,,,,,,,,,,55.4,LTFH 061550Z 11005KT 9999 FEW036 13/06 Q1020 NOSIG,
LTFH,1712422200,36.5671,41.2545,5.0,51.8,44.6,76.34,90.0,3.0,0.0,30.12,,6.21,,,,,,,,,,,,,,,,,51.8,LTFH 061650Z 09003KT CAVOK 11/07 Q1020 NOSIG,
LTFH,1712425800,36.5671,41.2545,5.0,50.0,44.6,81.61,100.0,4.0,0.0,30.12,,6.21,,,,,,,,,,,,,,,,,50.0,LTFH 061750Z 10004KT CAVOK 10/07 Q1020 NOSIG,
LTFH,1712429400,36.5671,41.2545,5.0,44.6,42.8,93.35,0.0,0.0,0.0,30.12,,6.21,,,,,,,,,,,,,,,,,44.6,LTFH 061850Z 00000KT CAVOK 07/06 Q1020 NOSIG,
LTFH,1712433000,36.5671,41.2545,5.0,46.4,44.6,93.4,140.0,2.0,0.0,30.12,,6.21,,,,,,,,,,,,,,,,,46.4,LTFH 061950Z 14002KT CAVOK 08/07 Q1020 NOSIG,
LTFH,1712436600,36.5671,41.2545,5.0,44.6,42.8,93.35,130.0,4.0,0.0,30.12,,4.35,,NSC,,,,,,,,,,,,,,,42.13,LTFH 062050Z 13004KT 7000 NSC 07/06 Q1020 BECMG TL2200 2000 BCFG BKN004,
LTFH,1712440200,36.5671,41.2545,5.0,42.8,41.0,93.3,140.0,2.0,0.0,30.09,,3.73,,SCT,,,,700.0,,,,,,,,,,,42.8,LTFH 062150Z 14002KT 6000 SCT007 06/05 Q1019 BECMG 2000 BCFG BKN004,
LTFH,1712443800,36.5671,41.2545,5.0,41.0,39.2,93.24,170.0,3.0,0.0,30.09,,3.73,,NSC,,,,,,,,,,,,,,,38.98,LTFH 062250Z 17003KT 6000 NSC 05/04 Q1019 NOSIG,
LTFH,1712447400,36.5671,41.2545,5.0,39.2,39.2,100.0,130.0,2.0,0.0,30.06,,3.73,,NSC,,,,,,,,,,,,,,,39.2,LTFH 062350Z 13002KT 6000 NSC 04/04 Q1018 NOSIG,
LTFH,1712451000,36.5671,41.2545,5.0,39.2,39.2,100.0,0.0,0.0,0.0,30.06,,1.86,,SCT,,,,500.0,,,,BR,,,,,,,39.2,LTFH 070050Z 00000KT 3000 BR SCT005 04/04 Q1018 NOSIG,
LTFH,1712454600,36.5671,41.2545,5.0,39.2,37.4,93.19,120.0,2.0,0.0,30.06,,1.74,,SCT,,,,400.0,,,,BR,,,,,,,39.2,LTFH 070150Z 12002KT 2800 BR SCT004 04/03 Q1018 NOSIG,
LTFH,1712458200,36.5671,41.2545,5.0,37.4,35.6,93.14,80.0,2.0,0.0,30.06,,1.62,,SCT,,,,400.0,,,,BR,,,,,,,37.4,LTFH 070250Z 08002KT 2600 BR SCT004 03/02 Q1018 NOSIG,
LTFH,1712461800,36.5671,41.2545,5.0,37.4,37.4,100.0,,2.0,0.0,30.06,,1.49,,SCT,,,,400.0,,,,BR,,,,,,,37.4,LTFH 070350Z VRB02KT 2400 BR SCT004 03/03 Q1018 BECMG TL0500 0400 FG BKN001,
LTFH,1712465400,36.5671,41.2545,5.0,42.8,42.8,100.0,0.0,0.0,0.0,30.06,,2.11,,SCT,,,,500.0,,,,BR,,,,,,,42.8,LTFH 070450Z 00000KT 3400 BR SCT005 06/06 Q1018 TEMPO FM0600 0400 FG BKN001,
LTFH,1712469000,36.5671,41.2545,5.0,50.0,44.6,81.61,30.0,4.0,0.0,30.06,,2.8,,SCT,,,,500.0,,,,BR,,,,,,,50.0,LTFH 070550Z 03004KT 350V060 4500 BR SCT005 10/07 Q1018 TEMPO 0400 FG BKN001,
LTFH,1712472600,36.5671,41.2545,5.0,53.6,46.4,76.5,360.0,4.0,0.0,30.06,,3.73,,FEW,,,,1000.0,,,,,,,,,,,53.6,LTFH 070650Z 36004KT 320V030 6000 FEW010 12/08 Q1018 NOSIG,
LTFH,1712476200,36.5671,41.2545,5.0,55.4,46.4,71.64,330.0,8.0,0.0,30.06,,6.21,,FEW,,,,3600.0,,,,,,,,,,,55.4,LTFH 070750Z 33008KT 9999 FEW036 13/08 Q1018 NOSIG,
LTFH,1712479800,36.5671,41.2545,5.0,57.2,48.2,71.83,340.0,10.0,0.0,30.06,,6.21,,FEW,,,,3600.0,,,,,,,,,,,57.2,LTFH 070850Z 34010KT 9999 FEW036 14/09 Q1018 NOSIG,
LTFH,1712483400,36.5671,41.2545,5.0,57.2,50.0,76.82,350.0,11.0,0.0,30.06,,6.21,,FEW,,,,3600.0,,,,,,,,,,,57.2,LTFH 070950Z 35011KT 9999 FEW036 14/10 Q1018 NOSIG,
LTFH,1712487000,36.5671,41.2545,5.0,55.4,50.0,81.99,330.0,9.0,0.0,30.06,,6.21,,FEW,,,,3600.0,,,,,,,,,,,55.4,LTFH 071050Z 33009KT 9999 FEW036 13/10 Q1018 NOSIG,
LTFH,1712490600,36.5671,41.2545,5.0,53.6,48.2,81.87,330.0,11.0,0.0,30.06,,6.21,,FEW,,,,3600.0,,,,,,,,,,,53.6,LTFH 071150Z 33011KT 9999 FEW036 12/09 Q1018 NOSIG,
LTFH,1712494200,36.5671,41.2545,5.0,55.4,48.2,76.66,350.0,10.0,0.0,30.06,,6.21,,FEW,,,,3600.0,,,,,,,,,,,55.4,LTFH 071250Z 35010KT 9999 FEW036 13/09 Q1018 NOSIG,
LTFH,1712497800,36.5671,41.2545,5.0,53.6,48.2,81.87,340.0,10.0,0.0,30.06,,6.21,,FEW,SCT,,,3600.0,10000.0,,,,,,,,,,53.6,LTFH 071350Z 34010KT 9999 FEW036 SCT100 12/09 Q1018 NOSIG,
LTFH,1712501400,36.5671,41.2545,5.0,51.8,46.4,81.74,330.0,8.0,0.0,30.06,,6.21,,SCT,SCT,,,800.0,8000.0,,,,,,,,,,51.8,LTFH 071450Z 33008KT 9999 SCT008 SCT080 11/08 Q1018 NOSIG,
LTFH,1712505000,36.5671,41.2545,5.0,48.2,46.4,93.45,300.0,6.0,0.0,30.06,,6.21,,SCT,SCT,,,800.0,10000.0,,,,,,,,,,45.04,LTFH 071550Z 30006KT 9999 SCT008 SCT100 09/08 Q1018 NOSIG,
LTFH,1712508600,36.5671,41.2545,5.0,50.0,46.4,87.37,310.0,5.0,0.0,30.06,,6.21,,SCT,SCT,,,1000.0,10000.0,,,,,,,,,,50.0,LTFH 071650Z 31005KT 9999 SCT010 SCT100 10/08 Q1018 NOSIG,
LTFH,1712512200,36.5671,41.2545,5.0,50.0,46.4,87.37,340.0,3.0,0.0,30.09,,6.21,,SCT,SCT,BKN,,1000.0,2800.0,8000.0,,,,,,,,,50.0,LTFH 071750Z 34003KT 310V050 9999 SCT010 SCT028 BKN080 10/08 Q1019 NOSIG,
LTFH,1712515800,36.5671,41.2545,5.0,50.0,46.4,87.37,310.0,3.0,0.0,30.06,,6.21,,SCT,SCT,BKN,,1000.0,2800.0,8000.0,,,,,,,,,50.0,LTFH 071850Z 31003KT 9999 SCT010 SCT028 BKN080 10/08 Q1018 NOSIG,
LTFH,1712519400,36.5671,41.2545,5.0,50.0,46.4,87.37,340.0,3.0,0.0,30.06,,6.21,,BKN,,,,1500.0,,,,,,,,,,,50.0,LTFH 071950Z 34003KT 9999 BKN015 10/08 Q1018 NOSIG,
LTFH,1712523000,36.5671,41.2545,5.0,48.2,46.4,93.45,,2.0,0.0,30.06,,6.21,,BKN,,,,1500.0,,,,,,,,,,,48.2,LTFH 072050Z VRB02KT 9999 BKN015 09/08 Q1018 NOSIG,
LTFH,1712526600,36.5671,41.2545,5.0,48.2,46.4,93.45,,2.0,0.0,30.03,,6.21,,BKN,,,,1500.0,,,,,,,,,,,48.2,LTFH 072150Z VRB02KT 9999 BKN015 09/08 Q1017 NOSIG,
LTFH,1712530200,36.5671,41.2545,5.0,48.2,46.4,93.45,180.0,3.0,0.0,30.03,,6.21,,FEW,SCT,BKN,,1500.0,3600.0,10000.0,,,,,,,,,47.21,LTFH 072250Z 18003KT 9999 FEW015 SCT036 BKN100 09/08 Q1017 NOSIG,
LTFH,1712533800,36.5671,41.2545,5.0,48.2,44.6,87.28,140.0,3.0,0.0,30.0,,6.21,,FEW,SCT,BKN,,1500.0,3600.0,10000.0,,,,,,,,,47.21,LTFH 072350Z 14003KT 110V190 9999 FEW015 SCT036 BKN100 09/07 Q1016 NOSIG,
LTFH,1712537400,36.5671,41.2545,5.0,51.8,44.6,76.34,310.0,5.0,0.0,30.0,,6.21,,FEW,SCT,BKN,,1500.0,3600.0,10000.0,,,,,,,,,51.8,LTFH 080050Z 31005KT 250V360 9999 FEW015 SCT036 BKN100 11/07 Q1016 NOSIG,
LTFH,1712541000,36.5671,41.2545,5.0,53.6,44.6,71.45,230.0,5.0,0.0,30.0,,6.21,,FEW,SCT,BKN,,1500.0,3600.0,10000.0,,,,,,,,,53.6,LTFH 080150Z 23005KT 170V280 9999 FEW015 SCT036 BKN100 12/07 Q1016 NOSIG,
LTFH,1712544600,36.5671,41.2545,5.0,50.0,44.6,81.61,,3.0,0.0,30.0,,4.97,,SCT,SCT,BKN,,1500.0,3300.0,9000.0,,-SHRA,,,,,,,50.0,LTFH 080250Z VRB03KT 8000 -SHRA SCT015 SCT033 BKN090 10/07 Q1016 NOSIG,
LTFH,1712548200,36.5671,41.2545,5.0,53.6,46.4,76.5,290.0,11.0,0.0,30.0,,6.21,,SCT,SCT,BKN,,1500.0,3300.0,9000.0,,,,,,,,,53.6,LTFH 080350Z 29011KT 9999 SCT015 SCT033 BKN090 12/08 Q1016 RESHRA NOSIG,
LTFH,1712551800,36.5671,41.2545,5.0,53.6,48.2,81.87,180.0,3.0,0.0,30.03,,6.21,,FEW,SCT,BKN,,1500.0,3600.0,10000.0,,,,,,,,,53.6,LTFH 080450Z 18003KT 9999 FEW015 SCT036 BKN100 12/09 Q1017 NOSIG,
LTFH,1712555400,36.5671,41.2545,5.0,55.4,48.2,76.66,320.0,11.0,0.0,30.0,,6.21,,SCT,BKN,,,3300.0,10000.0,,,,,,,,,,55.4,LTFH 080550Z 32011KT 9999 SCT033 BKN100 13/09 Q1016 NOSIG,
LTFH,1712559000,36.5671,41.2545,5.0,57.2,50.0,76.82,300.0,9.0,0.0,30.03,,6.21,,SCT,BKN,,,3600.0,10000.0,,,,,,,,,,57.2,LTFH 080650Z 30009KT 270V330 9999 SCT036 BKN100 14/10 Q1017 NOSIG,
LTFH,1712562600,36.5671,41.2545,5.0,59.0,50.0,72.01,310.0,11.0,0.0,30.03,,6.21,,SCT,BKN,,,3300.0,10000.0,,,,,,,,,,59.0,LTFH 080750Z 31011KT 9999 SCT033 BKN100 15/10 Q1017 NOSIG,
LTFH,1712566200,36.5671,41.2545,5.0,59.0,50.0,72.01,320.0,12.0,0.0,30.03,,6.21,,SCT,BKN,,,3300.0,10000.0,,,,,,,,,,59.0,LTFH 080850Z 32012KT 9999 SCT033 BKN100 15/10 Q1017 NOSIG,
LTFH,1712569800,36.5671,41.2545,5.0,60.8,51.8,72.2,320.0,8.0,0.0,30.03,,6.21,,SCT,BKN,,,3300.0,10000.0,,,,,,,,,,60.8,LTFH 080950Z 32008KT 9999 SCT033 BKN100 16/11 Q1017 NOSIG,
LTFH,1712573400,36.5671,41.2545,5.0,57.2,51.8,82.12,340.0,9.0,0.0,30.03,,6.21,,SCT,BKN,,,3000.0,10000.0,,,,,,,,,,57.2,LTFH 081050Z 34009KT 9999 SCT030 BKN100 14/11 Q1017 NOSIG,
LTFH,1712577000,36.5671,41.2545,5.0,59.0,51.8,76.98,350.0,9.0,0.0,30.03,,6.21,,FEW,SCT,BKN,,1500.0,2800.0,8000.0,,,,,,,,,59.0,LTFH 081150Z 35009KT 9999 FEW015 SCT028 BKN080 15/11 Q1017 NOSIG,
LTFH,1712580600,36.5671,41.2545,5.0,57.2,51.8,82.12,350.0,7.0,0.0,30.03,,6.21,,FEW,SCT,BKN,,1500.0,2800.0,8000.0,,,,,,,,,57.2,LTFH 081250Z 35007KT 9999 FEW015 SCT028 BKN080 14/11 Q1017 NOSIG,
LTFH,1712584200,36.5671,41.2545,5.0,55.4,50.0,81.99,320.0,7.0,0.0,30.03,,6.21,,FEW,SCT,BKN,,1200.0,2800.0,8000.0,,,,,,,,,55.4,LTFH 081350Z 32007KT 280V350 9999 FEW012 SCT028 BKN080 13/10 Q1017 NOSIG,
LTFH,1712587800,36.5671,41.2545,5.0,55.4,50.0,81.99,320.0,5.0,0.0,30.03,,6.21,,SCT,BKN,,,2800.0,8000.0,,,,,,,,,,55.4,LTFH 081450Z 32005KT 9999 SCT028 BKN080 13/10 Q1017 NOSIG,
LTFH,1712591400,36.5671,41.2545,5.0,53.6,50.0,87.56,300.0,3.0,0.0,30.03,,6.21,,FEW,SCT,BKN,,1200.0,2800.0,8000.0,,,,,,,,,53.6,LTFH 081550Z 30003KT 9999 FEW012 SCT028 BKN080 12/10 Q1017 BECMG TL1700 4000 BR,
LTFH,1712595000,36.5671,41.2545,5.0,51.8,50.0,93.55,,1.0,0.0,30.06,,4.97,,SCT,SCT,BKN,,800.0,2800.0,7000.0,,,,,,,,,51.8,LTFH 081650Z VRB01KT 8000 SCT008 SCT028 BKN070 11/10 Q1018 NOSIG,
LTFH,1712598600,36.5671,41.2545,5.0,51.8,50.0,93.55,270.0,3.0,0.0,30.06,,4.97,,SCT,SCT,BKN,,800.0,2800.0,7000.0,,,,,,,,,51.8,LTFH 081750Z 27003KT 230V290 8000 SCT008 SCT028 BKN070 11/10 Q1018 NOSIG,
LTFH,1712602200,36.5671,41.2545,5.0,50.0,48.2,93.5,310.0,3.0,0.0,30.06,,4.97,,SCT,,,,800.0,,,,,,,,,,,50.0,LTFH 081850Z 31003KT 280V340 8000 SCT008 10/09 Q1018 NOSIG,
LTFH,1712605800,36.5671,41.2545,5.0,51.8,50.0,93.55,300.0,3.0,0.0,30.06,,4.35,,BKN,,,,800.0,,,,,,,,,,,51.8,LTFH 081950Z 30003KT 260V320 7000 BKN008 11/10 Q1018 NOSIG,
LTFH,1712609400,36.5671,41.2545,5.0,51.8,50.0,93.55,360.0,2.0,0.0,30.06,,4.35,,BKN,,,,800.0,,,,,,,,,,,51.8,LTFH 082050Z 36002KT 7000 BKN008 11/10 Q1018 NOSIG,
LTFH,1712613000,36.5671,41.2545,5.0,53.6,50.0,87.56,,2.0,0.0,30.06,,4.35,,BKN,,,,800.0,,,,,,,,,,,53.6,LTFH 082150Z VRB02KT 7000 BKN008 12/10 Q1018 NOSIG,
LTFH,1712616600,36.5671,41.2545,5.0,51.8,50.0,93.55,,1.0,0.0,30.03,,4.35,,BKN,,,,1300.0,,,,,,,,,,,51.8,LTFH 082250Z VRB01KT 7000 BKN013 11/10 Q1017 NOSIG,
LTFH,1712620200,36.5671,41.2545,5.0,50.0,48.2,93.5,130.0,3.0,0.0,30.03,,3.73,,BKN,,,,1400.0,,,,,,,,,,,50.0,LTFH 082350Z 13003KT 6000 BKN014 10/09 Q1017 NOSIG,
LTFH,1712623800,36.5671,41.2545,5.0,51.8,50.0,93.55,,1.0,0.0,30.03,,3.73,,BKN,,,,1100.0,,,,,,,,,,,51.8,LTFH 090050Z VRB01KT 6000 BKN011 11/10 Q1017 NOSIG,
LTFH,1712627400,36.5671,41.2545,5.0,51.8,50.0,93.55,160.0,3.0,0.0,30.03,,2.49,,BKN,,,,800.0,,,,BR,,,,,,,51.8,LTFH 090150Z 16003KT 100V190 4000 BR BKN008 11/10 Q1017 BECMG FM0300 1200 BCFG,
LTFH,1712631000,36.5671,41.2545,5.0,51.8,50.0,93.55,160.0,3.0,0.0,30.03,,1.99,,BKN,,,,800.0,,,,BR,,,,,,,51.8,LTFH 090250Z 16003KT 3200 BR BKN008 11/10 Q1017 BECMG 1200 BCFG,
LTFH,1712634600,36.5671,41.2545,5.0,51.8,50.0,93.55,120.0,3.0,0.0,30.03,,2.49,,BKN,,,,900.0,,,,BR,,,,,,,51.8,LTFH 090350Z 12003KT 4000 BR BKN009 11/10 Q1017 BECMG 1200 BCFG,
LTFH,1712638200,36.5671,41.2545,5.0,53.6,50.0,87.56,160.0,4.0,0.0,30.06,,2.8,,BKN,,,,1000.0,,,,BR,,,,,,,53.6,LTFH 090450Z 16004KT 140V200 4500 BR BKN010 12/10 Q1018 NOSIG,
LTFH,1712641800,36.5671,41.2545,5.0,53.6,48.2,81.87,310.0,4.0,0.0,30.06,,2.98,,BKN,,,,1000.0,,,,BR,,,,,,,53.6,LTFH 090550Z 31004KT 270V350 4800 BR BKN010 12/09 Q1018 NOSIG,
LTFH,1712645400,36.5671,41.2545,5.0,55.4,48.2,76.66,320.0,6.0,0.0,30.06,,4.35,,SCT,,,,1200.0,,,,,,,,,,,55.4,LTFH 090650Z 32006KT 290V020 7000 SCT012 13/09 Q1018 NOSIG,
LTFH,1712649000,36.5671,41.2545,5.0,57.2,50.0,76.82,330.0,8.0,0.0,30.03,,5.59,,FEW,,,,900.0,,,,,,,,,,,57.2,LTFH 090750Z 33008KT 310V020 9000 FEW009 14/10 Q1017 NOSIG,
LTFH,1712652600,36.5671,41.2545,5.0,57.2,50.0,76.82,330.0,6.0,0.0,30.06,,6.21,,FEW,,,,1000.0,,,,,,,,,,,57.2,LTFH 090850Z 33006KT 290V010 9999 FEW010 14/10 Q1018 NOSIG,
LTFH,1712656200,36.5671,41.2545,5.0,57.2,50.0,76.82,330.0,9.0,0.0,30.03,,6.21,,FEW,,,,800.0,,,,,,,,,,,57.2,LTFH 090950Z 33009KT 9999 FEW008 14/10 Q1017 NOSIG,
LTFH,1712659800,36.5671,41.2545,5.0,57.2,50.0,76.82,320.0,8.0,0.0,30.03,,6.21,,SCT,,,,1000.0,,,,,,,,,,,57.2,LTFH 091050Z 32008KT 280V340 9999 SCT010 14/10 Q1017 NOSIG,
LTFH,1712663400,36.5671,41.2545,5.0,57.2,48.2,71.83,330.0,8.0,0.0,30.03,,6.21,,SCT,,,,1000.0,,,,,,,,,,,57.2,LTFH 091150Z 33008KT 9999 SCT010 14/09 Q1017 NOSIG,
LTFH,1712667000,36.5671,41.2545,5.0,55.4,48.2,76.66,310.0,8.0,0.0,30.0,,6.21,,FEW,,,,900.0,,,,,,,,,,,55.4,LTFH 091250Z 31008KT 290V350 9999 FEW009 13/09 Q1016 NOSIG,
LTFH,1712670600,36.5671,41.2545,5.0,55.4,48.2,76.66,310.0,7.0,0.0,30.0,,6.21,,FEW,,,,900.0,,,,,,,,,,,55.4,LTFH 091350Z 31007KT 270V340 9999 FEW009 13/09 Q1016 NOSIG,
LTFH,1712674200,36.5671,41.2545,5.0,53.6,48.2,81.87,300.0,6.0,0.0,30.0,,6.21,,BKN,,,,1200.0,,,,,,,,,,,53.6,LTFH 091450Z 30006KT 9999 BKN012 12/09 Q1016 NOSIG,
LTFH,1712677800,36.5671,41.2545,5.0,53.6,48.2,81.87,300.0,3.0,0.0,30.0,,6.21,,BKN,,,,1400.0,,,,,,,,,,,53.6,LTFH 091550Z 30003KT 9999 BKN014 12/09 Q1016 NOSIG,
LTFH,1712681400,36.5671,41.2545,5.0,53.6,48.2,81.87,320.0,3.0,0.0,30.0,,6.21,,BKN,,,,1200.0,,,,,,,,,,,53.6,LTFH 091650Z 32003KT 9999 BKN012 12/09 Q1016 NOSIG,
LTFH,1712685000,36.5671,41.2545,5.0,53.6,50.0,87.56,300.0,4.0,0.0,30.0,,6.21,,BKN,,,,1200.0,,,,,,,,,,,53.6,LTFH 091750Z 30004KT 9999 BKN012 12/10 Q1016 NOSIG,
LTFH,1712688600,36.5671,41.2545,5.0,53.6,48.2,81.87,300.0,4.0,0.0,30.0,,6.21,,BKN,,,,1500.0,,,,,,,,,,,53.6,LTFH 091850Z 30004KT 9999 BKN015 12/09 Q1016 NOSIG,
LTFH,1712692200,36.5671,41.2545,5.0,53.6,48.2,81.87,300.0,3.0,0.0,29.97,,6.21,,SCT,BKN,,,1500.0,8000.0,,,,,,,,,,53.6,LTFH 091950Z 30003KT 270V340 9999 SCT015 BKN080 12/09 Q1015 NOSIG,
LTFH,1712695800,36.5671,41.2545,5.0,53.6,48.2,81.87,330.0,3.0,0.0,30.0,,6.21,,SCT,BKN,,,1500.0,8000.0,,,,,,,,,,53.6,LTFH 092050Z 33003KT 9999 SCT015 BKN080 12/09 Q1016 NOSIG,
LTFH,1712699400,36.5671,41.2545,5.0,53.6,48.2,81.87,330.0,4.0,0.0,29.97,,6.21,,SCT,BKN,,,1500.0,8000.0,,,,,,,,,,53.6,LTFH 092150Z 33004KT 9999 SCT015 BKN080 12/09 Q1015 NOSIG,
LTFH,1712703000,36.5671,41.2545,5.0,53.6,48.2,81.87,310.0,8.0,0.0,29.97,,6.21,,SCT,BKN,,,1500.0,8000.0,,,,,,,,,,53.6,LTFH 092250Z 31008KT 9999 SCT015 BKN080 12/09 Q1015 NOSIG,
LTFH,1712706600,36.5671,41.2545,5.0,51.8,46.4,81.74,310.0,10.0,0.0,29.97,,6.21,,SCT,BKN,,,1500.0,8000.0,,,,,,,,,,51.8,LTFH 092350Z 31010KT 9999 SCT015 BKN080 11/08 Q1015 NOSIG,
LTFH,1712710200,36.5671,41.2545,5.0,51.8,46.4,81.74,300.0,7.0,0.0,29.97,,6.21,,SCT,BKN,,,1500.0,8000.0,,,,,,,,,,51.8,LTFH 100050Z 30007KT 9999 SCT015 BKN080 11/08 Q1015 NOSIG,
LTFH,1712713800,36.5671,41.2545,5.0,51.8,46.4,81.74,310.0,7.0,0.0,29.97,,6.21,,SCT,BKN,,,1500.0,8000.0,,,,,,,,,,51.8,LTFH 100150Z 31007KT 9999 SCT015 BKN080 11/08 Q1015 NOSIG,
LTFH,1712717400,36.5671,41.2545,5.0,51.8,46.4,81.74,320.0,8.0,0.0,29.97,,6.21,,SCT,BKN,,,1500.0,8000.0,,,,,,,,,,51.8,LTFH 100250Z 32008KT 9999 SCT015 BKN080 11/08 Q1015 NOSIG,
LTFH,1712721000,36.5671,41.2545,5.0,51.8,48.2,87.47,300.0,6.0,0.0,29.97,,6.21,,SCT,BKN,,,1500.0,8000.0,,,,,,,,,,51.8,LTFH 100350Z 30006KT 9999 SCT015 BKN080 11/09 Q1015 NOSIG,
LTFH,1712724600,36.5671,41.2545,5.0,51.8,48.2,87.47,310.0,4.0,0.0,29.97,,6.21,,SCT,BKN,,,2500.0,9000.0,,,-SHRA,,,,,,,51.8,LTFH 100450Z 31004KT 9999 -SHRA SCT025 BKN090 11/09 Q1015 NOSIG,
LTFH,1712728200,36.5671,41.2545,5.0,53.6,50.0,87.56,310.0,5.0,0.0,29.97,,6.21,,FEW,SCT,BKN,,1200.0,3000.0,10000.0,,,,,,,,,53.6,LTFH 100550Z 31005KT 9999 FEW012 SCT030 BKN100 12/10 Q1015 RESHRA NOSIG,
LTFH,1712731800,36.5671,41.2545,5.0,53.6,50.0,87.56,330.0,3.0,0.0,29.97,,6.21,,FEW,SCT,BKN,,900.0,3000.0,10000.0,,,,,,,,,53.6,LTFH 100650Z 33003KT 300V060 9999 FEW009 SCT030 BKN100 12/10 Q1015 NOSIG,
LTFH,1712735400,36.5671,41.2545,5.0,55.4,48.2,76.66,340.0,5.0,0.0,30.0,,6.21,,SCT,SCT,BKN,,1000.0,3300.0,10000.0,,,,,,,,,55.4,LTFH 100750Z 34005KT 320V020 9999 SCT010 SCT033 BKN100 13/09 Q1016 NOSIG,
LTFH,1712739000,36.5671,41.2545,5.0,57.2,50.0,76.82,340.0,4.0,0.0,30.0,,6.21,,FEW,SCT,BKN,,1200.0,3300.0,10000.0,,,,,,,,,57.2,LTFH 100850Z 34004KT 290V040 9999 FEW012 SCT033 BKN100 14/10 Q1016 NOSIG,
LTFH,1712742600,36.5671,41.2545,5.0,60.8,51.8,72.2,,2.0,0.0,29.97,,6.21,,FEW,SCT,BKN,,1200.0,3300.0,10000.0,,,,,,,,,60.8,LTFH 100950Z VRB02KT 9999 FEW012 SCT033 BKN100 16/11 Q1015 NOSIG,
LTFH,1712746200,36.5671,41.2545,5.0,62.6,48.2,59.26,310.0,5.0,0.0,29.97,,6.21,,SCT,BKN,,,3600.0,10000.0,,,,,,,,,,62.6,LTFH 101050Z 31005KT 260V020 9999 SCT036 BKN100 17/09 Q1015 NOSIG,
LTFH,1712749800,36.5671,41.2545,5.0,60.8,50.0,67.54,340.0,7.0,0.0,29.97,,6.21,,SCT,BKN,,,3600.0,10000.0,,,,,,,,,,60.8,LTFH 101150Z 34007KT 300V020 9999 SCT036 BKN100 16/10 Q1015 NOSIG,
LTFH,1712753400,36.5671,41.2545,5.0,59.0,51.8,76.98,320.0,8.0,0.0,29.97,,6.21,,SCT,BKN,,,3600.0,10000.0,,,,,,,,,,59.0,LTFH 101250Z 32008KT 9999 SCT036 BKN100 15/11 Q1015 NOSIG,
LTFH,1712757000,36.5671,41.2545,5.0,57.2,51.8,82.12,340.0,6.0,0.0,30.0,,6.21,,FEW,SCT,BKN,,1000.0,3600.0,10000.0,,,,,,,,,57.2,LTFH 101350Z 34006KT 310V020 9999 FEW010 SCT036 BKN100 14/11 Q1016 NOSIG,
LTFH,1712760600,36.5671,41.2545,5.0,55.4,51.8,87.65,290.0,3.0,0.0,30.0,,4.97,,FEW,SCT,BKN,,1000.0,3300.0,9000.0,,-SHRA,,,,,,,55.4,LTFH 101450Z 29003KT 250V350 8000 -SHRA FEW010 SCT033 BKN090 13/11 Q1016 NOSIG,
LTFH,1712764200,36.5671,41.2545,5.0,55.4,51.8,87.65,300.0,6.0,0.0,30.0,,4.97,,FEW,BKN,BKN,,1000.0,3300.0,9000.0,,-SHRA,,,,,,,55.4,LTFH 101550Z 30006KT 8000 -SHRA FEW010 BKN033 BKN090 13/11 Q1016 NOSIG,
LTFH,1712767800,36.5671,41.2545,5.0,53.6,51.8,93.6,300.0,4.0,0.0,30.03,,4.97,,SCT,BKN,BKN,,1000.0,3000.0,9000.0,,-SHRA,,,,,,,53.6,LTFH 101650Z 30004KT 270V330 8000 -SHRA SCT010 BKN030 BKN090 12/11 Q1017 NOSIG,
LTFH,1712771400,36.5671,41.2545,5.0,53.6,51.8,93.6,270.0,6.0,0.0,30.03,,4.97,,SCT,BKN,BKN,,1000.0,3000.0,9000.0,,-SHRA,,,,,,,53.6,LTFH 101750Z 27006KT 8000 -SHRA SCT010 BKN030 BKN090 12/11 Q1017 NOSIG,
LTFH,1712775000,36.5671,41.2545,5.0,53.6,51.8,93.6,140.0,5.0,0.0,30.03,,5.59,,SCT,BKN,,,3500.0,10000.0,,,-SHRA,,,,,,,53.6,LTFH 101850Z 14005KT 100V160 9000 -SHRA SCT035 BKN100 12/11 Q1017 NOSIG,
LTFH,1712778600,36.5671,41.2545,5.0,53.6,51.8,93.6,80.0,5.0,0.0,30.03,,4.97,,SCT,BKN,,,3500.0,9000.0,,,-SHRA,,,,,,,53.6,LTFH 101950Z 08005KT 8000 -SHRA SCT035 BKN090 12/11 Q1017 NOSIG,
LTFH,1712782200,36.5671,41.2545,5.0,53.6,53.6,100.0,,1.0,0.0,30.06,,4.97,,SCT,BKN,,,3500.0,9000.0,,,,,,,,,,53.6,LTFH 102050Z VRB01KT 8000 SCT035 BKN090 12/12 Q1018 RESHRA NOSIG,
LTFH,1712785800,36.5671,41.2545,5.0,53.6,53.6,100.0,200.0,4.0,0.0,30.06,,4.97,,SCT,BKN,,,3500.0,9000.0,,,,,,,,,,53.6,LTFH 102150Z 20004KT 8000 SCT035 BKN090 12/12 Q1018 NOSIG,
LTFH,1712789400,36.5671,41.2545,5.0,53.6,51.8,93.6,190.0,2.0,0.0,30.06,,4.97,,SCT,BKN,,,3500.0,9000.0,,,,,,,,,,53.6,LTFH 102250Z 19002KT 8000 SCT035 BKN090 12/11 Q1018 NOSIG,
LTFH,1712793000,36.5671,41.2545,5.0,55.4,50.0,81.99,270.0,4.0,0.0,30.06,,4.97,,FEW,BKN,,,3500.0,9000.0,,,,,,,,,,55.4,LTFH 102350Z 27004KT 240V300 8000 FEW035 BKN090 13/10 Q1018 TEMPO 32016KT,
LTFH,1712796600,36.5671,41.2545,5.0,55.4,51.8,87.65,230.0,4.0,0.0,30.06,,4.97,,FEW,SCT,,,3500.0,9000.0,,,,,,,,,,55.4,LTFH 110050Z 23004KT 8000 FEW035 SCT090 13/11 Q1018 TEMPO 32016KT,
LTFH,1712800200,36.5671,41.2545,5.0,53.6,50.0,87.56,320.0,6.0,0.0,30.06,,6.21,,SCT,BKN,,,3500.0,10000.0,,,,,,,,,,53.6,LTFH 110150Z 32006KT 9999 SCT035 BKN100 12/10 Q1018 NOSIG,
LTFH,1712803800,36.5671,41.2545,5.0,55.4,50.0,81.99,310.0,13.0,0.0,30.06,,6.21,,BKN,,,,3300.0,,,,,,,,,,,55.4,LTFH 110250Z 31013KT 9999 BKN033 13/10 Q1018 NOSIG,
LTFH,1712807400,36.5671,41.2545,5.0,55.4,51.8,87.65,300.0,12.0,0.0,30.09,,6.21,,BKN,BKN,,,1100.0,2800.0,,,,,,,,,,55.4,LTFH 110350Z 30012KT 9999 BKN011 BKN028 13/11 Q1019 BECMG SCT035 BN100,
LTFH,1712811000,36.5671,41.2545,5.0,55.4,51.8,87.65,300.0,13.0,0.0,30.09,,6.21,,SCT,BKN,,,1200.0,2800.0,,,,,,,,,,55.4,LTFH 110450Z 30013KT 9999 SCT012 BKN028 13/11 Q1019 NOSIG,
LTFH,1712814600,36.5671,41.2545,5.0,55.4,51.8,87.65,310.0,12.0,0.0,30.12,,6.21,,SCT,BKN,,,800.0,2800.0,,,,,,,,,,55.4,LTFH 110550Z 31012KT 9999 SCT008 BKN028 13/11 Q1020 NOSIG,
LTFH,1712818200,36.5671,41.2545,5.0,53.6,51.8,93.6,310.0,8.0,0.0,30.12,,3.11,,BKN,,,,400.0,,,,BR,,,,,,,53.6,LTFH 110650Z 31008KT 5000 BR BKN004 12/11 Q1020 BECMG 8000 SCT012 BKN028,
LTFH,1712821800,36.5671,41.2545,5.0,55.4,51.8,87.65,350.0,5.0,0.0,30.12,,3.73,,BKN,BKN,,,500.0,3000.0,,,,,,,,,,55.4,LTFH 110750Z 35005KT 6000 BKN005 BKN030 13/11 Q1020 BECMG TL0850 SCT005 BKN030,
LTFH,1712825400,36.5671,41.2545,5.0,53.6,51.8,93.6,320.0,4.0,0.0,30.15,,3.73,,SCT,BKN,,,500.0,3000.0,,,,,,,,,,53.6,LTFH 110850Z 32004KT 6000 SCT005 BKN030 12/11 Q1021 NOSIG,
LTFH,1712829000,36.5671,41.2545,5.0,55.4,53.6,93.65,300.0,5.0,0.0,30.15,,3.73,,SCT,BKN,,,500.0,3000.0,,,,,,,,,,55.4,LTFH 110950Z 30005KT 6000 SCT005 BKN030 13/12 Q1021 NOSIG,
LTFH,1712832600,36.5671,41.2545,5.0,53.6,51.8,93.6,320.0,4.0,0.0,30.15,,3.73,,BKN,,,,500.0,,,,,,,,,,,53.6,LTFH 111050Z 32004KT 6000 BKN005 12/11 Q1021 NOSIG,
LTFH,1712836200,36.5671,41.2545,5.0,53.6,51.8,93.6,280.0,5.0,0.0,30.15,,3.73,,BKN,,,,500.0,,,,,,,,,,,53.6,LTFH 111150Z 28005KT 6000 BKN005 12/11 Q1021 NOSIG,
LTFH,1712839800,36.5671,41.2545,5.0,55.4,51.8,87.65,300.0,4.0,0.0,30.15,,6.21,,BKN,,,,500.0,,,,,,,,,,,55.4,LTFH 111250Z 30004KT 260V330 9999 BKN005 13/11 Q1021 NOSIG,
LTFH,1712843400,36.5671,41.2545,5.0,55.4,51.8,87.65,300.0,4.0,0.0,30.15,,6.21,,BKN,,,,500.0,,,,,,,,,,,55.4,LTFH 111350Z 30004KT 260V330 9999 BKN005 13/11 Q1021 NOSIG,
LTFH,1712847000,36.5671,41.2545,5.0,55.4,53.6,93.65,310.0,9.0,0.0,30.15,,3.73,,BKN,,,,500.0,,,,,,,,,,,55.4,LTFH 111450Z 31009KT 6000 BKN005 13/12 Q1021 NOSIG,
LTFH,1712850600,36.5671,41.2545,5.0,53.6,53.6,100.0,350.0,5.0,0.0,30.15,,3.73,,BKN,,,,500.0,,,,,,,,,,,53.6,LTFH 111550Z 35005KT 330V030 6000 BKN005 12/12 Q1021 NOSIG,
LTFH,1712854200,36.5671,41.2545,5.0,53.6,53.6,100.0,,1.0,0.0,30.18,,3.73,,SCT,BKN,,,400.0,2500.0,,,,,,,,,,53.6,LTFH 111650Z VRB01KT 6000 SCT004 BKN025 12/12 Q1022 NOSIG,
LTFH,1712857800,36.5671,41.2545,5.0,53.6,53.6,100.0,,2.0,0.0,30.18,,3.73,,SCT,BKN,,,1000.0,2500.0,,,,,,,,,,53.6,LTFH 111750Z VRB02KT 6000 SCT010 BKN025 12/12 Q1022 NOSIG,
LTFH,1712861400,36.5671,41.2545,5.0,53.6,53.6,100.0,270.0,4.0,0.0,30.18,,2.49,,SCT,BKN,,,400.0,2500.0,,,-SHRA BR,,,,,,,53.6,LTFH 111850Z 27004KT 4000 -SHRA BR SCT004 BKN025 12/12 Q1022 BECMG 6000,
LTFH,1712865000,36.5671,41.2545,5.0,53.6,53.6,100.0,270.0,4.0,0.0,30.18,,2.49,,BKN,BKN,,,400.0,2500.0,,,-SHRA BR,,,,,,,53.6,COR LTFH 111950Z 27004KT 4000 -SHRA BR BKN004 BKN025 12/12 Q1022 NOSIG,
LTFH,1712868600,36.5671,41.2545,5.0,53.6,53.6,100.0,260.0,4.0,0.0,30.18,,2.49,,BKN,BKN,,,300.0,2500.0,,,BR,,,,,,,53.6,LTFH 112050Z 26004KT 4000 BR BKN003 BKN025 12/12 Q1022 RESHRA NOSIG,
LTFH,1712872200,36.5671,41.2545,5.0,53.6,53.6,100.0,,1.0,0.0,30.18,,2.49,,BKN,BKN,,,500.0,2500.0,,,BR,,,,,,,53.6,LTFH 112150Z VRB01KT 4000 BR BKN005 BKN025 12/12 Q1022 NOSIG,
LTFH,1712875800,36.5671,41.2545,5.0,53.6,53.6,100.0,310.0,4.0,0.0,30.18,,2.49,,BKN,BKN,,,600.0,2600.0,,,BR,,,,,,,53.6,LTFH 112250Z 31004KT 4000 BR BKN006 BKN026 12/12 Q1022 NOSIG,
LTFH,1712879400,36.5671,41.2545,5.0,53.6,53.6,100.0,330.0,5.0,0.0,30.18,,2.17,,BKN,BKN,,,600.0,2600.0,,,-SHRA BR,,,,,,,53.6,LTFH 112350Z 33005KT 3500 -SHRA BR BKN006 BKN026 12/12 Q1022 NOSIG,
LTFH,1712883000,36.5671,41.2545,5.0,53.6,53.6,100.0,280.0,5.0,0.0,30.18,,2.17,,BKN,BKN,,,400.0,2500.0,,,-SHRA BR,,,,,,,53.6,LTFH 120050Z 28005KT 3500 -SHRA BR BKN004 BKN025 12/12 Q1022 NOSIG,
LTFH,1712886600,36.5671,41.2545,5.0,53.6,53.6,100.0,270.0,4.0,0.0,30.15,,2.49,,BKN,BKN,,,300.0,2500.0,,,-SHRA BR,,,,,,,53.6,LTFH 120150Z 27004KT 4000 -SHRA BR BKN003 BKN025 12/12 Q1021 NOSIG,
LTFH,1712890200,36.5671,41.2545,5.0,53.6,51.8,93.6,40.0,4.0,0.0,30.18,,2.49,,BKN,BKN,,,500.0,2500.0,,,BR,,,,,,,53.6,LTFH 120250Z 04004KT 010V070 4000 BR BKN005 BKN025 12/11 Q1022 RESHRA NOSIG,
LTFH,1712893800,36.5671,41.2545,5.0,53.6,51.8,93.6,330.0,2.0,0.0,30.18,,2.49,,BKN,BKN,,,400.0,2500.0,,,BR,,,,,,,53.6,LTFH 120350Z 33002KT 4000 BR BKN004 BKN025 12/11 Q1022 NOSIG,
LTFH,1712897400,36.5671,41.2545,5.0,53.6,53.6,100.0,270.0,4.0,0.0,30.21,,1.55,,BKN,BKN,,,300.0,2500.0,,,BR,,,,,,,53.6,LTFH 120450Z 27004KT 2500 BR BKN003 BKN025 12/12 Q1023 BECMG 3500,
LTFH,1712901000,36.5671,41.2545,5.0,53.6,53.6,100.0,270.0,5.0,0.0,30.21,,2.49,,BKN,BKN,,,400.0,2500.0,,,BR,,,,,,,53.6,LTFH 120550Z 27005KT 4000 BR BKN004 BKN025 12/12 Q1023 NOSIG,
LTFH,1712904600,36.5671,41.2545,5.0,55.4,51.8,87.65,290.0,5.0,0.0,30.21,,3.73,,BKN,BKN,,,700.0,2500.0,,,,,,,,,,55.4,LTFH 120650Z 29005KT 6000 BKN007 BKN025 13/11 Q1023 NOSIG,
LTFH,1712908200,36.5671,41.2545,5.0,55.4,51.8,87.65,320.0,4.0,0.0,30.21,,6.21,,BKN,BKN,,,900.0,2500.0,,,,,,,,,,55.4,LTFH 120750Z 32004KT 290V360 9999 BKN009 BKN025 13/11 Q1023 NOSIG,
LTFH,1712911800,36.5671,41.2545,5.0,55.4,51.8,87.65,310.0,4.0,0.0,30.21,,6.21,,SCT,BKN,,,1200.0,2500.0,,,,,,,,,,55.4,LTFH 120850Z 31004KT 280V340 9999 SCT012 BKN025 13/11 Q1023 NOSIG,
LTFH,1712915400,36.5671,41.2545,5.0,57.2,51.8,82.12,320.0,5.0,0.0,30.18,,6.21,,SCT,BKN,,,1200.0,3000.0,,,,,,,,,,57.2,LTFH 120950Z 32005KT 290V360 9999 SCT012 BKN030 14/11 Q1022 NOSIG,
LTFH,1712919000,36.5671,41.2545,5.0,59.0,53.6,82.25,340.0,5.0,0.0,30.18,,6.21,,SCT,BKN,,,1200.0,3000.0,,,,,,,,,,59.0,LTFH 121050Z 34005KT 300V030 9999 SCT012 BKN030 15/12 Q1022 NOSIG,
LTFH,1712922600,36.5671,41.2545,5.0,57.2,51.8,82.12,340.0,6.0,0.0,30.18,,6.21,,SCT,BKN,,,1200.0,3000.0,,,,,,,,,,57.2,LTFH 121150Z 34006KT 9999 SCT012 BKN030 14/11 Q1022 NOSIG,
LTFH,1712926200,36.5671,41.2545,5.0,57.2,53.6,87.74,330.0,6.0,0.0,30.18,,6.21,,SCT,BKN,,,1200.0,3000.0,,,,,,,,,,57.2,LTFH 121250Z 33006KT 9999 SCT012 BKN030 14/12 Q1022 NOSIG,
LTFH,1712929800,36.5671,41.2545,5.0,55.4,53.6,93.65,310.0,6.0,0.0,30.18,,6.21,,SCT,BKN,,,1200.0,3000.0,,,,,,,,,,55.4,LTFH 121350Z 31006KT 9999 SCT012 BKN030 13/12 Q1022 NOSIG,
LTFH,1712933400,36.5671,41.2545,5.0,55.4,51.8,87.65,320.0,4.0,0.0,30.18,,6.21,,SCT,BKN,,,1200.0,3000.0,,,,,,,,,,55.4,LTFH 121450Z 32004KT 9999 SCT012 BKN030 13/11 Q1022 NOSIG,
LTFH,1712937000,36.5671,41.2545,5.0,53.6,51.8,93.6,320.0,3.0,0.0,30.18,,6.21,,SCT,BKN,,,800.0,3000.0,,,,,,,,,,53.6,LTFH 121550Z 32003KT 9999 SCT008 BKN030 12/11 Q1022 NOSIG,
LTFH,1712940600,36.5671,41.2545,5.0,53.6,51.8,93.6,290.0,3.0,0.0,30.18,,3.73,,SCT,BKN,,,500.0,2500.0,,,,,,,,,,53.6,LTFH 121650Z 29003KT 6000 SCT005 BKN025 12/11 Q1022 NOSIG,
LTFH,1712944200,36.5671,41.2545,5.0,53.6,51.8,93.6,280.0,3.0,0.0,30.18,,3.73,,SCT,BKN,,,300.0,2500.0,,,,,,,,,,53.6,LTFH 121750Z 28003KT 6000 SCT003 BKN025 12/11 Q1022 NOSIG,
LTFH,1712947800,36.5671,41.2545,5.0,53.6,51.8,93.6,260.0,3.0,0.0,30.18,,3.73,,SCT,BKN,,,1000.0,2800.0,,,,,,,,,,53.6,LTFH 121850Z 26003KT 240V300 6000 SCT010 BKN028 12/11 Q1022 NOSIG,
LTFH,1712951400,36.5671,41.2545,5.0,53.6,53.6,100.0,0.0,0.0,0.0,30.18,,3.73,,SCT,BKN,,,1000.0,2800.0,,,,,,,,,,53.6,COR LTFH 121950Z 00000KT 6000 SCT010 BKN028 12/12 Q1022 NOSIG,
LTFH,1712955000,36.5671,41.2545,5.0,53.6,51.8,93.6,180.0,2.0,0.0,30.18,,3.73,,SCT,BKN,,,1000.0,2800.0,,,,,,,,,,53.6,LTFH 122050Z 18002KT 6000 SCT010 BKN028 12/11 Q1022 NOSIG,
LTFH,1712958600,36.5671,41.2545,5.0,53.6,51.8,93.6,180.0,2.0,0.0,30.18,,3.73,,SCT,BKN,,,1000.0,2800.0,,,,,,,,,,53.6,LTFH 122150Z 18002KT 6000 SCT010 BKN028 12/11 Q1022 NOSIG,
LTFH,1712962200,36.5671,41.2545,5.0,53.6,51.8,93.6,190.0,3.0,0.0,30.18,,6.21,,SCT,BKN,,,1000.0,3000.0,,,,,,,,,,53.6,LTFH 122250Z 19003KT 9999 SCT010 BKN030 12/11 Q1022 NOSIG,
LTFH,1712965800,36.5671,41.2545,5.0,53.6,51.8,93.6,120.0,3.0,0.0,30.15,,3.73,,SCT,BKN,,,1200.0,3000.0,,,,,,,,,,53.6,LTFH 122350Z 12003KT 6000 SCT012 BKN030 12/11 Q1021 NOSIG,
LTFH,1712969400,36.5671,41.2545,5.0,53.6,51.8,93.6,0.0,0.0,0.0,30.15,,3.73,,SCT,BKN,,,1200.0,2800.0,,,,,,,,,,53.6,LTFH 130050Z 00000KT 6000 SCT012 BKN028 12/11 Q1021 NOSIG,
LTFH,1712973000,36.5671,41.2545,5.0,53.6,51.8,93.6,140.0,3.0,0.0,30.15,,3.73,,SCT,BKN,,,800.0,2800.0,,,,,,,,,,53.6,LTFH 130150Z 14003KT 6000 SCT008 BKN028 12/11 Q1021 NOSIG,
LTFH,1712976600,36.5671,41.2545,5.0,53.6,51.8,93.6,140.0,2.0,0.0,30.15,,2.49,,BKN,BKN,,,800.0,2800.0,,,BR,,,,,,,53.6,LTFH 130250Z 14002KT 4000 BR BKN008 BKN028 12/11 Q1021 BECMG 6000 SCT008 BKN028,
LTFH,1712980200,36.5671,41.2545,5.0,55.4,53.6,93.65,120.0,2.0,0.0,30.15,,2.49,,BKN,BKN,,,800.0,2800.0,,,BR,,,,,,,55.4,LTFH 130350Z 12002KT 4000 BR BKN008 BKN028 13/12 Q1021 BECMG 6000 SCT008 BKN028,
LTFH,1712983800,36.5671,41.2545,5.0,55.4,53.6,93.65,180.0,3.0,0.0,30.15,,3.73,,SCT,BKN,BKN,,1200.0,2800.0,9000.0,,,,,,,,,55.4,LTFH 130450Z 18003KT 6000 SCT012 BKN028 BKN090 13/12 Q1021 NOSIG,
LTFH,1712987400,36.5671,41.2545,5.0,59.0,53.6,82.25,,1.0,0.0,30.15,,4.97,,FEW,BKN,BKN,,1200.0,3000.0,9000.0,,,,,,,,,59.0,LTFH 130550Z VRB01KT 8000 FEW012 BKN030 BKN090 15/12 Q1021 NOSIG,
LTFH,1712991000,36.5671,41.2545,5.0,60.8,53.6,77.14,20.0,3.0,0.0,30.15,,6.21,,SCT,BKN,,,3500.0,10000.0,,,,,,,,,,60.8,LTFH 130650Z 02003KT 340V090 9999 SCT035 BKN100 16/12 Q1021 NOSIG,
LTFH,1712994600,36.5671,41.2545,5.0,60.8,51.8,72.2,340.0,5.0,0.0,30.15,,6.21,,SCT,BKN,,,3500.0,10000.0,,,,,,,,,,60.8,LTFH 130750Z 34005KT 310V020 9999 SCT035 BKN100 16/11 Q1021 NOSIG,
LTFH,1712998200,36.5671,41.2545,5.0,60.8,53.6,77.14,340.0,5.0,0.0,30.12,,6.21,,SCT,,,,3500.0,,,,,,,,,,,60.8,LTFH 130850Z 34005KT 260V020 9999 SCT035 16/12 Q1020 NOSIG,
LTFH,1713001800,36.5671,41.2545,5.0,60.8,53.6,77.14,360.0,6.0,0.0,30.12,,6.21,,,,,,,,,,,,,,,,,60.8,LTFH 130950Z 36006KT CAVOK 16/12 Q1020 NOSIG,
LTFH,1713005400,36.5671,41.2545,5.0,60.8,53.6,77.14,350.0,8.0,0.0,30.12,,6.21,,SCT,,,,3500.0,,,,,,,,,,,60.8,LTFH 131050Z 35008KT 9999 SCT035 16/12 Q1020 NOSIG,
LTFH,1713009000,36.5671,41.2545,5.0,60.8,53.6,77.14,340.0,8.0,0.0,30.12,,6.21,,SCT,,,,3500.0,,,,,,,,,,,60.8,LTFH 131150Z 34008KT 9999 SCT035 16/12 Q1020 NOSIG,
LTFH,1713012600,36.5671,41.2545,5.0,62.6,55.4,77.29,360.0,6.0,0.0,30.12,,6.21,,SCT,,,,3500.0,,,,,,,,,,,62.6,LTFH 131250Z 36006KT 330V030 9999 SCT035 17/13 Q1020 NOSIG,
LTFH,1713016200,36.5671,41.2545,5.0,64.4,51.8,63.6,360.0,6.0,0.0,30.09,,6.21,,SCT,,,,3500.0,,,,,,,,,,,64.4,LTFH 131350Z 36006KT 320V040 9999 SCT035 18/11 Q1019 NOSIG,
LTFH,1713019800,36.5671,41.2545,5.0,59.0,53.6,82.25,350.0,7.0,0.0,30.12,,6.21,,SCT,,,,3500.0,,,,,,,,,,,59.0,LTFH 131450Z 35007KT 9999 SCT035 15/12 Q1020 NOSIG,
LTFH,1713023400,36.5671,41.2545,5.0,57.2,51.8,82.12,340.0,4.0,0.0,30.09,,6.21,,SCT,,,,3500.0,,,,,,,,,,,57.2,LTFH 131550Z 34004KT 9999 SCT035 14/11 Q1019 NOSIG,
LTFH,1713027000,36.5671,41.2545,5.0,55.4,51.8,87.65,,1.0,0.0,30.12,,6.21,,SCT,BKN,,,3500.0,10000.0,,,,,,,,,,55.4,LTFH 131650Z VRB01KT 9999 SCT035 BKN100 13/11 Q1020 NOSIG,
LTFH,1713030600,36.5671,41.2545,5.0,53.6,51.8,93.6,300.0,4.0,0.0,30.12,,6.21,,BKN,,,,2800.0,,,,,,,,,,,53.6,LTFH 131750Z 30004KT 9999 BKN028 12/11 Q1020 NOSIG,
LTFH,1713034200,36.5671,41.2545,5.0,55.4,53.6,93.65,330.0,6.0,0.0,30.15,,6.21,,BKN,,,,2800.0,,,,,,,,,,,55.4,LTFH 131850Z 33006KT 9999 BKN028 13/12 Q1021 NOSIG,
LTFH,1713037800,36.5671,41.2545,5.0,53.6,53.6,100.0,310.0,3.0,0.0,30.15,,6.21,,FEW,BKN,,,1200.0,2800.0,,,,,,,,,,53.6,LTFH 131950Z 31003KT 9999 FEW012 BKN028 12/12 Q1021 NOSIG,
LTFH,1713041400,36.5671,41.2545,5.0,53.6,51.8,93.6,140.0,4.0,0.0,30.12,,3.73,,SCT,BKN,,,1200.0,3000.0,,,,,,,,,,53.6,LTFH 132050Z 14004KT 6000 SCT012 BKN030 12/11 Q1020 NOSIG,
LTFH,1713045000,36.5671,41.2545,5.0,53.6,51.8,93.6,,4.0,0.0,30.12,,3.73,,SCT,BKN,,,1200.0,3000.0,,,,,,,,,,53.6,LTFH 132150Z VRB04KT 6000 SCT012 BKN030 12/11 Q1020 NOSIG,
LTFH,1713048600,36.5671,41.2545,5.0,51.8,51.8,100.0,190.0,2.0,0.0,30.12,,3.73,,SCT,BKN,,,1200.0,3000.0,,,,,,,,,,51.8,LTFH 132250Z 19002KT 6000 SCT012 BKN030 11/11 Q1020 NOSIG,
LTFH,1713052200,36.5671,41.2545,5.0,51.8,50.0,93.55,,2.0,0.0,30.12,,3.73,,SCT,BKN,,,1200.0,3000.0,,,,,,,,,,51.8,LTFH 132350Z VRB02KT 6000 SCT012 BKN030 11/10 Q1020 NOSIG,
LTFH,1713055800,36.5671,41.2545,5.0,51.8,50.0,93.55,330.0,3.0,0.0,30.12,,3.73,,SCT,BKN,,,1200.0,3000.0,,,,,,,,,,51.8,LTFH 140050Z 33003KT 6000 SCT012 BKN030 11/10 Q1020 NOSIG,
LTFH,1713059400,36.5671,41.2545,5.0,53.6,51.8,93.6,,2.0,0.0,30.12,,3.73,,SCT,BKN,,,1200.0,3000.0,,,,,,,,,,53.6,LTFH 140150Z VRB02KT 6000 SCT012 BKN030 12/11 Q1020 NOSIG,
LTFH,1713063000,36.5671,41.2545,5.0,50.0,48.2,93.5,160.0,3.0,0.0,30.12,,3.73,,SCT,BKN,,,800.0,3000.0,,,,,,,,,,50.0,LTFH 140250Z 16003KT 6000 SCT008 BKN030 10/09 Q1020 NOSIG,
LTFH,1713066600,36.5671,41.2545,5.0,50.0,50.0,100.0,110.0,3.0,0.0,30.15,,3.73,,SCT,BKN,,,1200.0,3000.0,,,,,,,,,,50.0,LTFH 140350Z 11003KT 6000 SCT012 BKN030 10/10 Q1021 NOSIG,
LTFH,1713070200,36.5671,41.2545,5.0,55.4,51.8,87.65,110.0,4.0,0.0,30.15,,4.97,,SCT,,,,3400.0,,,,,,,,,,,55.4,LTFH 140450Z 11004KT 8000 SCT034 13/11 Q1021 NOSIG,
LTFH,1713073800,36.5671,41.2545,5.0,59.0,50.0,72.01,,2.0,0.0,30.18,,5.59,,SCT,,,,3000.0,,,,,,,,,,,59.0,LTFH 140550Z VRB02KT 9000 SCT030 15/10 Q1022 NOSIG,
LTFH,1713077400,36.5671,41.2545,5.0,59.0,48.2,67.33,340.0,4.0,0.0,30.18,,5.59,,SCT,,,,3000.0,,,,,,,,,,,59.0,LTFH 140650Z 34004KT 9000 SCT030 15/09 Q1022 NOSIG,
LTFH,1713081000,36.5671,41.2545,5.0,60.8,48.2,63.15,320.0,4.0,0.0,30.18,,6.21,,FEW,BKN,,,3600.0,10000.0,,,,,,,,,,60.8,LTFH 140750Z 32004KT 250V010 9999 FEW036 BKN100 16/09 Q1022 NOSIG,
LTFH,1713084600,36.5671,41.2545,5.0,62.6,44.6,51.72,310.0,4.0,0.0,30.15,,6.21,,FEW,BKN,,,3600.0,10000.0,,,,,,,,,,62.6,LTFH 140850Z 31004KT 260V020 9999 FEW036 BKN100 17/07 Q1021 NOSIG,
LTFH,1713088200,36.5671,41.2545,5.0,62.6,44.6,51.72,350.0,4.0,0.0,30.15,,6.21,,FEW,BKN,,,3600.0,10000.0,,,,,,,,,,62.6,LTFH 140950Z 35004KT 300V030 9999 FEW036 BKN100 17/07 Q1021 NOSIG,
LTFH,1713091800,36.5671,41.2545,5.0,62.6,48.2,59.26,340.0,5.0,0.0,30.15,,6.21,,FEW,BKN,,,3600.0,10000.0,,,,,,,,,,62.6,LTFH 141050Z 34005KT 300V040 9999 FEW036 BKN100 17/09 Q1021 NOSIG,
LTFH,1713095400,36.5671,41.2545,5.0,62.6,48.2,59.26,320.0,8.0,0.0,30.15,,6.21,,FEW,BKN,,,3600.0,10000.0,,,,,,,,,,62.6,LTFH 141150Z 32008KT 290V350 9999 FEW036 BKN100 17/09 Q1021 NOSIG,
LTFH,1713099000,36.5671,41.2545,5.0,62.6,50.0,63.38,350.0,7.0,0.0,30.15,,6.21,,FEW,BKN,,,3600.0,10000.0,,,,,,,,,,62.6,LTFH 141250Z 35007KT 310V030 9999 FEW036 BKN100 17/10 Q1021 NOSIG,
LTFH,1713102600,36.5671,41.2545,5.0,60.8,50.0,67.54,330.0,6.0,0.0,30.15,,6.21,,FEW,,,,3600.0,,,,,,,,,,,60.8,LTFH 141350Z 33006KT 280V360 9999 FEW036 16/10 Q1021 NOSIG,
LTFH,1713106200,36.5671,41.2545,5.0,60.8,50.0,67.54,340.0,4.0,0.0,30.15,,6.21,,FEW,,,,3600.0,,,,,,,,,,,60.8,LTFH 141450Z 34004KT 300V030 9999 FEW036 16/10 Q1021 NOSIG,
LTFH,1713109800,36.5671,41.2545,5.0,57.2,48.2,71.83,350.0,3.0,0.0,30.15,,6.21,,FEW,,,,3600.0,,,,,,,,,,,57.2,LTFH 141550Z 35003KT 310V040 9999 FEW036 14/09 Q1021 NOSIG,
LTFH,1713113400,36.5671,41.2545,5.0,55.4,48.2,76.66,,1.0,0.0,30.18,,6.21,,FEW,,,,3600.0,,,,,,,,,,,55.4,LTFH 141650Z VRB01KT 9999 FEW036 13/09 Q1022 NOSIG,
LTFH,1713117000,36.5671,41.2545,5.0,53.6,46.4,76.5,210.0,2.0,0.0,30.18,,6.21,,,,,,,,,,,,,,,,,53.6,LTFH 141750Z 21002KT CAVOK 12/08 Q1022 NOSIG,
LTFH,1713120600,36.5671,41.2545,5.0,51.8,46.4,81.74,190.0,3.0,0.0,30.18,,6.21,,,,,,,,,,,,,,,,,51.8,LTFH 141850Z 19003KT CAVOK 11/08 Q1022 NOSIG,
LTFH,1713124200,36.5671,41.2545,5.0,50.0,46.4,87.37,180.0,3.0,0.0,30.18,,6.21,,,,,,,,,,,,,,,,,50.0,LTFH 141950Z 18003KT CAVOK 10/08 Q1022 NOSIG,
LTFH,1713127800,36.5671,41.2545,5.0,46.4,44.6,93.4,150.0,4.0,0.0,30.18,,6.21,,,,,,,,,,,,,,,,,44.24,LTFH 142050Z 15004KT CAVOK 08/07 Q1022 NOSIG,
LTFH,1713131400,36.5671,41.2545,5.0,46.4,44.6,93.4,170.0,2.0,0.0,30.18,,6.21,,,,,,,,,,,,,,,,,46.4,LTFH 142150Z 17002KT CAVOK 08/07 Q1022 NOSIG,
LTFH,1713135000,36.5671,41.2545,5.0,46.4,42.8,87.19,150.0,4.0,0.0,30.15,,6.21,,,,,,,,,,,,,,,,,44.24,LTFH 142250Z 15004KT CAVOK 08/06 Q1021 NOSIG,
LTFH,1713138600,36.5671,41.2545,5.0,48.2,44.6,87.28,160.0,2.0,0.0,30.15,,6.21,,,,,,,,,,,,,,,,,48.2,LTFH 142350Z 16002KT CAVOK 09/07 Q1021 NOSIG,
LTFH,1713142200,36.5671,41.2545,5.0,46.4,42.8,87.19,160.0,4.0,0.0,30.15,,6.21,,,,,,,,,,,,,,,,,44.24,LTFH 150050Z 16004KT CAVOK 08/06 Q1021 NOSIG,
LTFH,1713145800,36.5671,41.2545,5.0,44.6,42.8,93.35,140.0,3.0,0.0,30.15,,6.21,,,,,,,,,,,,,,,,,43.09,LTFH 150150Z 14003KT CAVOK 07/06 Q1021 NOSIG,
LTFH,1713149400,36.5671,41.2545,5.0,44.6,42.8,93.35,150.0,2.0,0.0,30.15,,6.21,,,,,,,,,,,,,,,,,44.6,LTFH 150250Z 15002KT CAVOK 07/06 Q1021 NOSIG,
LTFH,1713153000,36.5671,41.2545,5.0,46.4,44.6,93.4,160.0,4.0,0.0,30.15,,6.21,,,,,,,,,,,,,,,,,44.24,LTFH 150350Z 16004KT CAVOK 08/07 Q1021 NOSIG,
LTFH,1713156600,36.5671,41.2545,5.0,57.2,48.2,71.83,130.0,2.0,0.0,30.15,,6.21,,,,,,,,,,,,,,,,,57.2,LTFH 150450Z 13002KT CAVOK 14/09 Q1021 NOSIG,
LTFH,1713160200,36.5671,41.2545,5.0,64.4,48.2,55.63,,2.0,0.0,30.15,,6.21,,,,,,,,,,,,,,,,,64.4,LTFH 150550Z VRB02KT CAVOK 18/09 Q1021 NOSIG,
LTFH,1713163800,36.5671,41.2545,5.0,69.8,48.2,46.16,130.0,4.0,0.0,30.15,,6.21,,,,,,,,,,,,,,,,,69.8,LTFH 150650Z 13004KT 060V170 CAVOK 21/09 Q1021 NOSIG,
LTFH,1713167400,36.5671,41.2545,5.0,71.6,44.6,37.89,120.0,5.0,0.0,30.15,,6.21,,,,,,,,,,,,,,,,,71.6,LTFH 150750Z 12005KT 050V150 CAVOK 22/07 Q1021 NOSIG,
LTFH,1713171000,36.5671,41.2545,5.0,73.4,44.6,35.66,100.0,5.0,0.0,30.15,,6.21,,,,,,,,,,,,,,,,,73.4,LTFH 150850Z 10005KT 040V170 CAVOK 23/07 Q1021 NOSIG,
LTFH,1713174600,36.5671,41.2545,5.0,73.4,48.2,40.85,360.0,6.0,0.0,30.12,,6.21,,,,,,,,,,,,,,,,,73.4,LTFH 150950Z 36006KT 300V050 CAVOK 23/09 Q1020 NOSIG,
LTFH,1713178200,36.5671,41.2545,5.0,75.2,42.8,31.34,90.0,7.0,0.0,30.12,,6.21,,,,,,,,,,,,,,,,,75.2,LTFH 151050Z 09007KT 040V130 CAVOK 24/06 Q1020 NOSIG,
LTFH,1713181800,36.5671,41.2545,5.0,73.4,48.2,40.85,100.0,9.0,0.0,30.09,,6.21,,,,,,,,,,,,,,,,,73.4,LTFH 151150Z 10009KT 070V150 CAVOK 23/09 Q1019 NOSIG,
LTFH,1713185400,36.5671,41.2545,5.0,71.6,46.4,40.57,80.0,9.0,0.0,30.09,,6.21,,,,,,,,,,,,,,,,,71.6,LTFH 151250Z 08009KT 050V120 CAVOK 22/08 Q1019 NOSIG,
LTFH,1713189000,36.5671,41.2545,5.0,69.8,42.8,37.61,100.0,10.0,0.0,30.09,,6.21,,,,,,,,,,,,,,,,,69.8,LTFH 151350Z 10010KT 070V130 CAVOK 21/06 Q1019 NOSIG,
LTFH,1713192600,36.5671,41.2545,5.0,68.0,42.8,40.0,110.0,10.0,0.0,30.09,,6.21,,,,,,,,,,,,,,,,,68.0,LTFH 151450Z 11010KT CAVOK 20/06 Q1019 NOSIG,
LTFH,1713196200,36.5671,41.2545,5.0,64.4,44.6,48.55,90.0,5.0,0.0,30.09,,6.21,,,,,,,,,,,,,,,,,64.4,LTFH 151550Z 09005KT CAVOK 18/07 Q1019 NOSIG,
LTFH,1713199800,36.5671,41.2545,5.0,57.2,46.4,67.12,130.0,5.0,0.0,30.09,,6.21,,,,,,,,,,,,,,,,,57.2,LTFH 151650Z 13005KT CAVOK 14/08 Q1019 NOSIG,
LTFH,1713203400,36.5671,41.2545,5.0,55.4,46.4,71.64,90.0,4.0,0.0,30.09,,6.21,,,,,,,,,,,,,,,,,55.4,LTFH 151750Z 09004KT CAVOK 13/08 Q1019 NOSIG,
LTFH,1713207000,36.5671,41.2545,5.0,53.6,46.4,76.5,80.0,6.0,0.0,30.06,,6.21,,,,,,,,,,,,,,,,,53.6,LTFH 151850Z 08006KT CAVOK 12/08 Q1018 NOSIG,
LTFH,1713214200,36.5671,41.2545,5.0,50.0,46.4,87.37,110.0,4.0,0.0,30.03,,6.21,,,,,,,,,,,,,,,,,50.0,LTFH 152050Z 11004KT CAVOK 10/08 Q1017 NOSIG,
LTFH,1713217800,36.5671,41.2545,5.0,48.2,46.4,93.45,,1.0,0.0,30.0,,6.21,,,,,,,,,,,,,,,,,48.2,LTFH 152150Z VRB01KT CAVOK 09/08 Q1016 NOSIG,
LTFH,1713221400,36.5671,41.2545,5.0,46.4,44.6,93.4,140.0,2.0,0.0,29.97,,6.21,,,,,,,,,,,,,,,,,46.4,LTFH 152250Z 14002KT CAVOK 08/07 Q1015 NOSIG,
LTFH,1713225000,36.5671,41.2545,5.0,44.6,42.8,93.35,,1.0,0.0,29.97,,6.21,,,,,,,,,,,,,,,,,44.6,LTFH 152350Z VRB01KT CAVOK 07/06 Q1015 NOSIG,
